,video_ids,nsfw_scores
0,rpe5kB2eGvo,0.0171
1,MvuqM_9h6QY,0.0925
2,ZcGlf7EZ-vU,0.0443
3,hDk1ne5TCHM,0.0005
4,-X0eQXFbTQo,0.0002
5,XLqNiKqxUPU,0.0058
6,EmvS-3Y1PDE,0.0003
7,6hxJyVkq4R8,0.0411
8,LbuoZYZLipc,0.0075
9,hTqOeMob6uM,0.0187
10,RMxuWWN223o,0.0009
11,rXX5yS2w_7I,0.0012
12,3mg7U1jAUks,0.637
13,ildQ7q0hqhc,0.0157
14,2BEBrZblMeE,0.0
15,C7TwBUxxIC0,0.0033
16,_GDcNxMOAkA,0.0193
17,GHsMk3i1Yi8,0.0676
18,2zXd1q8hmt8,0.0001
19,G7EZl8a2aFI,0.2369
20,WbWoT0lqVVQ,0.4799
21,CioDVCtgyN0,0.0008
22,22gevDcbkUo,0.0181
23,aMTxQ_MZBiQ,0.0125
24,3skwMfCJIhk,0.2585
25,zeUGxvyCTAU,0.0143
26,hv7hsiPbDbo,0.0896
27,3i19act-b1s,0.0018
28,FPMUBR93w3w,0.0007
29,DMB_Lav9yJ8,0.1943
30,yCOs2G-ZjpI,0.0053
31,J4gJY_5eNqQ,0.0017
32,AhrdVoGw_Ks,0.0009
33,oLtnNw0KT78,0.0919
34,id3uJa-hSF4,0.0232
35,Sqa8Zo2XWc4,0.0117
36,hDbaM367H9U,0.0026
37,gW6r-BPdtN0,0.0001
38,KDlO64GbxIQ,0.0004
39,4WkMinOFRA8,0.3912
40,Fc7BOCz92nc,0.0002
41,Wp5YJQqDkYE,0.0037
42,OCbc3eEpHf4,0.0109
43,ymGt7I4Yn3k,0.002
44,1r0YfOkNhJ8,0.0038
45,Q4xVaZhz3yA,0.0018
46,_6652WEB9HY,0.0245
47,MxhqGbu0ndA,0.0007
48,XVWQCd5j_ec,0.0108
49,BnC-2wwYQRQ,0.039
50,DdPeF1fS5cE,0.0412
51,e3tI78Vy0Xs,0.1369
52,g1W4lKj8dzU,0.0449
53,vS3_72Gb-bI,0.0003
54,NapYe0EBeuI,0.6677
55,sGwtzcSxolw,0.0063
56,lqHX4JM_qX0,0.8192
57,DNy6F7ZwX8I,0.0016
58,8_Pmwy1ePJ4,0.0192
59,m1GfiE2lNcA,0.0012
60,JaHsDpf1Ufs,0.0064
61,NLffKOOyxwI,0.0009
62,gcH0OVd4aJU,0.0236
63,TYPFenJQciw,0.0003
64,7U-i2NX0jUc,0.0078
65,xLLLEnDyHnk,0.0084
66,WudmmlYnx8c,0.0309
67,P3inyS__dpA,0.0012
68,0LpaeZlM0ng,0.0005
69,5NsoL2HU4_4,0.0114
70,PqRuCLmtYkQ,0.1505
71,ZF-w__uUs8c,0.0003
72,6gRQkG_s6m4,0.0066
73,xI849gVQanw,0.0
74,7TO6GbaDFVI,0.0014
75,pZ0lK60WuZ4,0.083
76,9LMr5XTgeyI,0.0035
77,BayghEGmQZM,0.0012
78,k-PaOWxvnz0,0.0797
79,P_79-1DInV4,0.0266
80,VzF62B6ysWI,0.0367
81,evGyTzgV1x0,0.008
82,3V8aen7Flhs,0.246
83,gcCGL2IBYwc,0.0143
84,3aAhwhkAdzw,0.0076
85,NHhTMh0nURA,0.004
86,dxP0m4_TaJg,0.0132
87,rI2rxUs4SDY,0.0117
88,agMrewRJTow,0.0018
89,efuFwnL0N64,0.0007
90,CwaVCIVnbTg,0.0432
91,_C73ZZkFiUM,0.066
92,qz8yjPTMJf4,0.0016
93,VLcaCjLveV4,0.0017
94,mN9OwKwuX-8,0.0017
95,7h28guGJ82I,0.0007
96,F32yxl6ZcZw,0.06
97,tR-3BMignl4,0.0078
98,bLDSjWkZ72o,0.0184
99,jXf04bhcjbg,0.0143
100,vSYAm8pyP-k,0.0004
101,NBgEBWT1Mqk,0.5479
102,qy0oX5A9WyY,0.0001
103,F8h4BRu-7uA,0.0255
104,dMJygADKEKs,0.0318
105,o6JQknd3JRk,0.0002
106,yf1GWoh4OKE,0.0037
107,seEOOSZTymE,0.0061
108,f2kb4coG4po,0.6206
109,EshcItJCT5k,0.0373
110,HkSa1iJN_Fo,0.0051
111,ADw4cCceiKM,0.0211
112,XIn_kj52-P0,0.0686
113,wwE1fZmIkss,0.1514
114,MLxGllP0x8M,0.0079
115,A-vX1AGBGsc,0.0123
116,j3xSIeD1gJQ,0.0008
117,ow8ZcpXMz0M,0.8787
118,Mk0KCrcYwv4,0.0022
119,vZk7JeGRKp8,0.0044
120,6o38C-ultvw,0.0025
121,epgZ2Dbr_Tw,0.0035
122,y8IqsCbvCFo,0.0126
123,RaJA7IbBRq0,0.0089
124,6VzdjvW2gi4,0.1685
125,HlyQf0dZ1Vk,0.0018
126,3-ozQBLitio,0.1332
127,7ucVgLAZDQQ,0.1611
128,OnzzqzzSWGA,0.0041
129,z5bLZtf37nI,0.0012
130,6ZKjAFxoG98,0.1004
131,QujpKn9Nu4c,0.0002
132,kymZR5FrTJY,0.0509
133,x_WN30mNsbs,0.0007
134,H4F5hkZzQaE,0.0082
135,C8UxyMrBu4I,0.0041
136,LYUKDASQncM,0.094
137,62Wf3GMJzpQ,0.0313
138,vyPy-4lY2qM,0.0416
139,pUF5esTscZI,0.021
140,Mt8uLveDY24,0.0998
141,X7vEBh197xw,0.2424
142,tlsU_YT9n_g,0.0408
143,Ivv-3w8dgmI,0.0051
144,1WGAWJJn3GI,0.8932
145,aDvOgfKNcrs,0.0263
146,vRW50IiRT-o,0.0006
147,864UBq8HpBY,0.0157
148,5cJK9VJ24hQ,0.0018
149,RPZMY2aqqSI,0.0362
150,ijHBHyKC__4,0.0062
151,BYVZh5kqaFg,0.0012
152,1qpoMiorNSQ,0.0002
153,_fs1X8tRTJA,0.0066
154,xeQCRKXiRpo,0.0
155,ysd5-uTLy6w,0.0355
156,KHg3HXsJiA0,0.0053
157,LdGvFaMo2GU,0.0044
158,5eR5IvmnKk8,0.0017
159,px0wTJPUaes,0.0019
160,58Ofg9IHRN0,0.0003
161,QHiDyKEtxNU,0.0015
162,G_8mOQeSa2U,0.0001
163,qFq_L-ANNNQ,0.0016
164,S9EnUSSU7HI,0.0008
165,yUJRjE-Ufz8,0.0051
166,QNTYrOL-npo,0.0645
167,9Ak320xrCUo,0.0007
168,rKbIvdx4gzU,0.0019
169,m3ugIgRJMsE,0.0085
170,WYKZdQq81kI,0.0021
171,DOa5wozdK6Y,0.0576
172,bHocnamqOJI,0.0226
173,L22U8dUpC44,0.0177
174,DDGhKS6bSAE,0.0737
175,xxV7ubH94aU,0.0005
176,--lk4QeTVmg,0.0024
177,VMxjFTtTquc,0.0019
178,cnN00ppui-w,0.0019
179,vL0yww9nk9o,0.0008
180,XSbNb3bQ1pg,0.0011
181,sG0rVJT_MT0,0.0001
182,BhP3nG16j7w,0.0088
183,T0_D4HC-Cwk,0.008
184,ODwJGcswfsA,0.0036
185,MnNisyErEMs,0.0555
186,dE7RFxsnrS4,0.0013
187,vre-UCKBt8Y,0.0026
188,OI2NYBm8JYs,0.0046
189,mP_NA_L9zMk,0.2827
190,ZhQOhsl7Bus,0.0111
191,U4qm6mPKHqw,0.0528
192,TpLh9vB02MM,0.0078
193,TkLO5XtuMUw,0.0664
194,O5aVKxMacm8,0.1416
195,412--23qbb4,0.0137
196,6y4BStscwvw,0.0075
197,gPknTQlKGQk,0.0016
198,P42zn7PGyNc,0.0112
199,4u5I8GYB79Y,0.0208
200,MHryuYVyHhk,0.3113
201,3ZTnKuV0VpA,0.0087
202,o1njZZsUUXM,0.0026
203,Y0LA7Ff2hgs,0.0058
204,uNkTb3ZEILA,0.0007
205,CKwM4ZEfYdk,0.0933
206,xo7Jx0C4A_o,0.003
207,SZ-We5x0Jys,0.0007
208,jtIZZs-GAOA,0.005
209,WCru1nJI57I,0.0047
210,38-ji37hzlE,0.0166
211,FmHLvJkc7Gg,0.0248
212,tRwUtg7ZX6Q,0.0301
213,qEV9qoup2mQ,0.0286
214,Ytm8VsQPS3o,0.0025
215,9Y18-07g39g,0.0011
216,78GVRzSnyGo,0.0037
217,LU9JtSwxBqI,0.0233
218,Lgd78PUXkPo,0.0054
219,M6jzUhLmoEc,0.0027
220,uuSj5EW6ELA,0.0043
221,ZLLcxNiQ9Yg,0.0142
222,3RwzjHB6y5Y,0.0207
223,qIsgdOVGA04,0.0011
224,Xvt9vcoyipA,0.0305
225,Ll1bLppLh4Y,0.029
226,TBmOMziLNcU,0.055
227,2Mkq6GFLIsk,0.0957
228,yS5w6Ozpdq4,0.0113
229,PK2SMIOHYig,0.0105
230,u9HJDC3I_Qg,0.0005
231,eQi3FrEnn5o,0.1462
232,ycNSY3d1WLc,0.0219
233,UyvhqC5sIsI,0.4001
234,tIUahhljm44,0.0596
235,GjgImsVqPfg,0.0371
236,m3u-_2WaTM4,0.0019
237,_mz4OMbBoRY,0.0016
238,rcWcchtcf1w,0.1501
239,venQs8fEu1Y,0.3789
240,bL9ayAkWsV4,0.0181
241,zaTi7YjDyDw,0.0687
242,UoNAmRwf5qk,0.0132
243,fXb02MQ78yQ,0.0019
244,LI8-QOOPzV0,0.0332
245,MHqxaXCzxNE,0.0145
246,FSCvulo6fJQ,0.0003
247,pQ9gSEzku-E,0.039
248,ePldSI0SGCg,0.0034
249,TYeQqLt1DLY,0.0625
250,ZVAS5-HelDY,0.0392
251,qaZY_unJFaA,0.0044
252,asUxDFssLFQ,0.0009
253,ER6NX7UXCJA,0.011
254,dI4EoLtdoeE,0.0116
255,_jhufVHuKbM,0.0075
256,kTBWEsJ2l_w,0.155
257,bFw52SdQSOQ,0.04
258,ta4UnmpxC-Y,0.3602
259,0mx3Hwq4QXw,0.0133
260,z6AF4HPpWF8,0.0003
261,bmFGbBmlyKQ,0.0075
262,cZXzwDN-V9M,0.5274
263,voYdl7IFZsM,0.019
264,GDpq6HZQBHI,0.0004
265,rSF8gPD3QbA,0.001
266,hD8vw-JE4Qw,0.0032
267,UPDURM7Wodo,0.0015
268,sAoDZy5R054,0.0485
269,DDkwj1YRdEg,0.0081
270,HALG3Ty52mY,0.0044
271,4z-GNiazduQ,0.0208
272,dODSTA6C0m8,0.123
273,NT0fxgIb38g,0.3576
274,TFNnqDGmgYo,0.0061
275,JOjjMLh4kJ4,0.5156
276,O-TMfCbIy8A,0.0022
277,eDOFWlyRHyA,0.0273
278,ulchAKGi_Y0,0.0087
279,DaUHU2I-haA,0.0009
280,ElBxuDVfcl4,0.1864
281,CTXtXxD-TYg,0.0012
282,m-Xmk4-itqk,0.0103
283,co3MFSGHa20,0.0475
284,VsDtnTvgDB0,0.0007
285,WVXsqKZgZXw,0.2009
286,x4drR-dBA0A,0.0663
287,qmdb5XTNYhY,0.001
288,_BZIxt07UNU,0.0
289,Gn0twHM_9ms,0.9504
290,6ayJjfyRRkc,0.0122
291,mgkKG2oGCgE,0.0026
292,uoYNS3C1_Pc,0.0007
293,LEcbagW4O-s,0.0049
294,Zn2k0getlRI,0.0624
295,QxGVgXf_LNk,0.0013
296,E6UKdBJd7tk,0.1915
297,8AlihXsl7Rs,0.001
298,UggADa3JdzE,0.0023
299,Yc9_ZFxMvMw,0.0015
300,0nLoRgi1f78,0.0261
301,qqOxkuO3ip0,0.0021
302,ZxURKaBjO8w,0.0152
303,RJ0jdO5ZfU4,0.0038
304,wb_YQgtSKfU,0.0053
305,BpvlknhpGxU,0.0162
306,FVFdsl29s_Q,0.0053
307,4DlUnGwCyn0,0.003
308,6lmvG7V0LoE,0.026
309,1ATrcsnXKhc,0.0109
310,IQ4KoWXQxRA,0.0398
311,CSVf3tHh9sE,0.7515
312,siDdxAq4o_Y,0.062
313,Z-1kBIGLEyc,0.1353
314,VUc6S9UBilM,0.0085
315,5IDc88fmRUM,0.0009
316,VJElM3wsH5c,0.0012
317,Dqn7NQ228w0,0.0135
318,UMhM8jghPco,0.0073
319,i2O6GMpNWGo,0.4956
320,wbR-5mHI6bo,0.0049
321,oN2ITLbdXSo,0.0001
322,Nf-kh0pFurM,0.0023
323,gI-WEtw1vB4,0.0129
324,wwJABxjcvUc,0.0098
325,VEybDNZN_Oo,0.043
326,YKC27gOpezg,0.0339
327,IB5k-0jD2XQ,0.0225
328,idGb3ZYasaI,0.0229
329,Eo0Ni28WU2g,0.0127
330,SSDLzLTZs3U,0.0
331,9mmhe_5R-rM,0.0032
332,9x80ZvFTaV4,0.056
333,-8wAcpNYSas,0.0071
334,CBAbD9PD24g,0.0093
335,vohFJ8yL0Qw,0.0256
336,t7_tnbSSXMQ,0.0005
337,xtJ49gXWwA0,0.1602
338,h31LDBh1uvg,0.0004
339,-nc146I26SU,0.0002
340,SL45a75_cd4,0.2167
341,RHXDfgNjnPA,0.2249
342,QIahhWQgNgk,0.036
343,uctgnv_aX3k,0.0881
344,g_uHluYGPtg,0.0
345,eurX0k0UYoY,0.0374
346,_akEYecFdyM,0.0063
347,XOh_NwePRos,0.0207
348,wvZtYgIIe2E,0.0017
349,0dsCVAH1iQ8,0.0441
350,UBivwxBgdPQ,0.1953
351,MvvEfguRha0,0.0129
352,lldfoaV9mc8,0.2336
353,UFJtoVS8Qx0,0.001
354,--WHBVeDrZM,0.0001
355,EXiZtoKWsLM,0.019
356,FzOrff-KoCg,0.0074
357,3dhfunD1a-0,0.0144
358,7LI0lWknANE,0.0255
359,R0Fuci4YrdY,0.6145
360,i8nqsIIFp2o,0.0019
361,5sACMTVqyvE,0.0038
362,CD-E-LDc384,0.0128
363,75d_29QWELk,0.0012
364,gQx-1XKxUDs,0.0013
365,RqiNKk-o_Bg,0.0073
366,yuGD4AvlbcM,0.0178
367,tj1ZLeBz4J4,0.0102
368,g9BMcIxrkF4,0.0355
369,OhMrElwQvqc,0.0093
370,3nQaUal-LD0,0.0044
371,a9JxLJlHqPg,0.0051
372,5aXrDnJxQYk,0.0107
373,09jofQX17WM,0.0018
374,uWohkaIb-Ss,0.0124
375,iO6S8XMT0QQ,0.0012
376,w_ejnHxTWrU,0.0007
377,hX7xcxpxHhU,0.3115
378,BTDdT4whpRQ,0.0024
379,W6JTMowQEjM,0.0023
380,dVeZbaerhu8,0.0002
381,U60Z2w46itg,0.0278
382,4D_OwIyiTYU,0.0621
383,VEE2pqB8Tx8,0.2901
384,PWK0DAoRKSI,0.243
385,gfCRxrSeBN4,0.0484
386,3PnOS94d6v0,0.028
387,Q_fkEbTXz-o,0.0397
388,j6mKL0ccOIA,0.056
389,XFr0dk6Ca7o,0.014
390,rFT67I-siYA,0.0661
391,wyRvJQUahsI,0.0034
392,V0O7fk8u3mk,0.0045
393,Qek_UPifJhs,0.025
394,1sbbWXjAro8,0.0149
395,nQ1mmVG-G1g,0.0018
396,3WQq2y1qIfE,0.002
397,LmwPop3Pulg,0.0063
398,giFKH2sWGlM,0.0028
399,s60KsSIoops,0.0019
400,txXgkYIalDY,0.0016
401,Z5vOneSK8po,0.0006
402,WnaDkex0xm0,0.0037
403,vc_OvvStfZ0,0.0764
404,_8xhdL8BPvU,0.0116
405,YzgMePQvSdc,0.0211
406,CD5mewet-fE,0.0001
407,iDZzGooj3DA,0.0042
408,wZZ6WJnCF_4,0.008
409,iogeqIpfZ-c,0.0054
410,X8-qnUyJSlc,0.1181
411,tlfKx2drOFg,0.0
412,kG9MM_7Wtvg,0.1082
413,iQEaYnG25_U,0.0296
414,8SAlKoRcicM,0.0045
415,5gqByAvf9PQ,0.1289
416,4N16y9bVqes,0.0008
417,AYy3UyD7C1M,0.0012
418,02PiYzdGDDY,0.0031
419,4mwztZ9Rn50,0.0124
420,VAAJOkdb5Fg,0.0073
421,BYv66FmUgzU,0.0015
422,SO1R0mKCx0E,0.0108
423,raWRkz9SqtM,0.7089
424,H0UEde0T1xs,0.0002
425,-folFCGyuQQ,0.2504
426,K-L3QGv0pzM,0.0001
427,wSUItoLwbSo,0.0018
428,hBVvEFHwpLY,0.0516
429,eK2cuu59WLk,0.1421
430,U7tF8j4Zbx4,0.1483
431,GSuFSYY-X9w,0.0832
432,C680oxL__ck,0.0015
433,nRuWE-PIvU8,0.0083
434,AHC2LHxIPoA,0.0055
435,QBY-0Tc6YXI,0.0007
436,tof-R9djLeY,0.0003
437,hW4pTE8lVZw,0.009
438,7JYJq6YGnL4,0.0085
439,LqEm-bCll_E,0.037
440,F3KsdeUDSrA,0.004
441,eEUFUqNwztU,0.0009
442,EdzQ9wEOElw,0.0155
443,3kTdIa2AWAA,0.0149
444,avye5XNxXXg,0.0033
445,4cnIMhvlBO4,0.0169
446,jh4ag4FTpVI,0.0134
447,9BrANukDWMw,0.0167
448,t0M2qoNdBck,0.0005
449,LEENEFaVUzU,0.0014
450,jmWmiQt24sU,0.0092
451,RqIi0gq63sg,0.0498
452,hyMIeCyT6rk,0.0246
453,yw_nqzVfxFQ,0.0079
454,KRvv0QdruMQ,0.0064
455,F9xISqd4Yn8,0.2461
456,1wYpFnhIdSg,0.0013
457,Xoh9RY9uLdk,0.2211
458,Ook-J58HnvM,0.037
459,aLGNlGCPlFw,0.0056
460,-o6gOmd8Q3Q,0.0031
461,Pwui--TsuGA,0.0054
462,HoRmVsuLlmM,0.0019
463,BGxvfZ4Y3Q8,0.0051
464,nD6qsOPTaKQ,0.0089
465,KncngYDCy5g,0.0037
466,8nmo0PyuQQo,0.0003
467,yi0AL-1vSNw,0.0906
468,Y6XBzi19-yc,0.001
469,85THEQqmJUM,0.0264
470,GC8VIOK9kDw,0.0131
471,qFSZFLY3MZo,0.0006
472,HjBo--1n8lI,0.0039
473,EiCo2_n64fY,0.0012
474,jRtLcPTbrxo,0.0127
475,pXz68mA_9iQ,0.0183
476,V2x8ts5STzY,0.0011
477,sQDrj7JOAYQ,0.0046
478,-1tiWLWM1oU,0.0119
479,gN0pQZGKQAs,0.0002
480,wJmg0uc3CjY,0.0019
481,eItCv1Pxccg,0.0014
482,2Jk8e59-Jlo,0.0088
483,iNFhmwrctiE,0.0032
484,MaJEUOI3KlY,0.0018
485,mle-dEOfr6A,0.0038
486,0OGN0ZBzNWM,0.0472
487,U-PHdAt8Zq8,0.0061
488,W29oJzQtnC8,0.0054
489,6jhqKuYEDzg,0.0008
490,4ASM44qvE80,0.0013
491,7PYTGfpjEmk,0.0363
492,VEVLHtzFle4,0.0173
493,jlJ1WeWI8PU,0.0017
494,x7qRrBroAao,0.0007
495,5O9adtq3_ZI,0.0015
496,-FBwZtuJtMw,0.0039
497,I5Evh8ri0_0,0.0035
498,NQYdMRdRY40,0.054
499,0UNY2uluj5k,0.0502
500,HBTr4SDqztk,0.0024
501,5uT4s_NWBN0,0.0038
502,Xehb9Fz267Y,0.0002
503,wcp1BfPUeOc,0.0041
504,OrD8ecGdm_c,0.0221
505,6mDPOuythv4,0.008
506,7j1lMs7fcIQ,0.0001
507,XSCXrIsp5Q8,0.0293
508,O2secyMBWSk,0.0039
509,-FmwUjBAdN0,0.0298
510,4tkpvdECaVg,0.0093
511,Fk_psHw6eZk,0.0252
512,E15aqzQN9zo,0.0
513,5g5j6_hUOSY,0.0059
514,0qSfPFlRwLQ,0.0594
515,VbPdjKlla5c,0.0007
516,md8R7kBoyOs,0.0058
517,l_RtpWGa8LY,0.0198
518,8j7K9gx9tAY,0.0022
519,BFwAIJeYwvg,0.0007
520,zMpprTBefdg,0.0055
521,FTnsY1MK5lg,0.007
522,FExS3lFEwqc,0.0001
523,-_I4hECDZ_E,0.0055
524,UIRSSM2ZPf8,0.0059
525,JZ6vFGldyq4,0.0006
526,4sg3UYW_AlI,0.066
527,3sMXR_TdTfs,0.0423
528,Aa4OJalU0t0,0.0117
529,ZkBOdhOdMb8,0.0029
530,2tn8hj4MhD8,0.0164
531,KA3KDbU5dqk,0.0034
532,4PnFuEbzxos,0.3178
533,6GeZdZ4LR5c,0.0198
534,aPq9-m1YHj4,0.0025
535,lM_hi8NrgXA,0.0017
536,Tl8CaZVMQzw,0.0234
537,_u-7rWKnVVo,0.0027
538,3FobttuoPwQ,0.0077
539,XGfSUHILLi8,0.0424
540,arn-hjCJe5E,0.0011
541,sFv3r9dkuTs,0.0007
542,hX0n_Mg1uBQ,0.0043
543,jzUi2iIVY4k,0.0262
544,sniWDkW-Fwc,0.0214
545,H4eP1TTedYc,0.1299
546,NJ_sGE1DUQE,0.0395
547,SwYv1vrJ_J4,0.001
548,Oie--p6YqJo,0.0224
549,9PpFH1G9Ivo,0.0146
550,ADSRX8Khvsg,0.0001
551,EgTPljXGyHc,0.0054
552,qI9z1ECGrHk,0.0501
553,hf8uS5meTW0,0.0239
554,yvhqzqU4k_M,0.0011
555,9kQPnFXQBmw,0.0105
556,Qu35sMSOW94,0.0001
557,er3iftyYxbs,0.0276
558,QPxrA-9CUPQ,0.0014
559,phieTCxQRLA,0.0223
560,TPo8nXTxm44,0.0025
561,mJnKfITnebg,0.0459
562,Xdwubdx8wT8,0.0445
563,M9hVE5DiGDQ,0.001
564,b_sUXZbJbPY,0.0388
565,Ns8NvPPHX5Y,0.0192
566,B7yOO4oKMVc,0.0168
567,aZ54seKWEEU,0.0122
568,RqhGUc5ynQ8,0.0046
569,ls2TxZ2afBc,0.0143
570,TgU3IvrrvxM,0.0599
571,I_CwFdp5vHo,0.0074
572,uZFo7lKGEqo,0.026
573,P3hpKBXYeEA,0.0015
574,2TbTzOLo6lw,0.001
575,ay2shlCzl24,0.2186
576,StnPwg1TVVA,0.002
577,lCeb1gAWdWU,0.0101
578,qEmr5xFEQ0k,0.0036
579,a8ds6SnOGow,0.0113
580,NSh6dHxLEME,0.2915
581,Zo1T_gGIDBQ,0.0046
582,pWizDn1OVDg,0.0054
583,DXDBTpLdJWo,0.0027
584,BPGgyputhpA,0.0012
585,rxmmOtjOlaE,0.657
586,SkgPFSuppr4,0.0048
587,kxS7IgTZebs,0.0005
588,PM_RY6aCJfA,0.5405
589,eY8lhv-Uzdc,0.0443
590,J53FcfuSlYA,0.0033
591,ZYetOeg1FnU,0.0668
592,Iibs7buNwxQ,0.0019
593,y1RaFUcWr4s,0.0105
594,aKLobzbLxuY,0.0016
595,E1Ihrqggnnc,0.0272
596,J5twEwothwc,0.0717
597,w9Km4iVsUeQ,0.0201
598,yhk5u-jl8Us,0.0021
599,g435_rZCt3s,0.0523
600,V8GiTYD6PVA,0.0102
601,4tdKl-gTpZg,0.0011
602,MrTz5xjmso4,0.0044
603,NvKjO-8DusE,0.0833
604,URWlgTItsKY,0.0319
605,g3DuMiplGHU,0.07
606,-xBAM1TRSKA,0.0051
607,TREEmJ51I7E,0.0319
608,S383OvjXX48,0.0233
609,gQ0mfeLqcW0,0.0202
610,rz12loouSsE,0.0261
611,co2VgbHvgVI,0.0002
612,7cpWa0La_AA,0.0015
613,nXnC64dfPHY,0.0555
614,ns1Vs_csIus,0.0008
615,heP_2lh3cBA,0.002
616,5vCPSCTvzCQ,0.0037
617,5uvA7kss6us,0.0081
618,QA4qE4zFl-Q,0.0166
619,Hv-sbtCAz9Y,0.0057
620,PjsuqH2azIU,0.0158
621,-vHNJ_QacGo,0.0509
622,vsQYI5Ajwp4,0.0026
623,Athe_fFxSTI,0.0005
624,2_rHzLTBQ64,0.0576
625,jDdYFhzVCDM,0.0094
626,N4HxatJR6vI,0.0376
627,BIjZk_i63Xw,0.0112
628,oCouS7rN0ug,0.1348
629,uvNZHnSIZKY,0.0902
630,SJN903kCJrc,0.0002
631,i6DaUHROjTg,0.0008
632,u78R_F_GBUU,0.0032
633,O9wG5jGP32M,0.0328
634,kT7QqQ8DTNI,0.1108
635,TxIFhCuq59Y,0.011
636,IKhvMqAN3ak,0.0021
637,6fBqGUaJ0tc,0.0008
638,kDV6q4pSMn8,0.2852
639,_6divRapsPU,0.0033
640,c2g_2q5WyDs,0.0188
641,MO7IZBahhZE,0.0037
642,jPhJbKBuNnA,0.029
643,TGrRZuHs3LA,0.004
644,gy6t3J0IBkM,0.0004
645,CLzUtMiq1N4,0.0128
646,GPmtG9TPNpg,0.0005
647,ju45riNZfog,0.0038
648,Jp-Ud-gcmsw,0.1767
649,DGd917ByNmA,0.0167
650,qYZphgX0YBs,0.0005
651,sRhw-0H92N4,0.0024
652,22tvGw05LfY,0.0038
653,ubZlTCB2Ow8,0.0014
654,fbuAJqV4d8I,0.0007
655,EZnPbrCp0bo,0.0065
656,z5WrgDzNIZ0,0.0465
657,s4NByTUIBbY,0.0013
658,WwegHIytnaw,0.0143
659,CRThXlGoWqM,0.0026
660,_d_0hA3uQr8,0.1634
661,8pGy-8s0QoU,0.0565
662,PYcXcz92_WI,0.0002
663,YD1dNpelSpg,0.0027
664,p7uyIG868YU,0.0298
665,O8rfLiLHZek,0.6463
666,VQojqjCKyU8,0.001
667,A10gB46C8bE,0.0133
668,I2QwlKXu_Yo,0.2491
669,eqStJPp-EfM,0.4769
670,qnD1S-NhA8Q,0.0119
671,ZWkXhB06sEE,0.0035
672,8w1BHjOv7VM,0.005
673,LMxFb-Eglp0,0.0006
674,BTY2h9HZRTs,0.2945
675,LMdo2bxg-r8,0.0519
676,-MHmEhxSums,0.0001
677,Cg_TkQkfJEA,0.0042
678,3qaQvd6n154,0.0146
679,oGSBfE3VUns,0.0036
680,bqszoG7edts,0.0007
681,mP2FmbhU_-k,0.0223
682,dcuNq3Bw9Xs,0.0002
683,8i_wZQoqbwU,0.0016
684,5a3GB-ZUygE,0.0327
685,bLSxgNSWaNs,0.001
686,Vg2uDG60T9k,0.0044
687,R9UsmrVEWYY,0.0005
688,1oqDtVbCCkM,0.0914
689,nXno_ktOU_k,0.4359
690,HPtMjCQqLkM,0.0012
691,9Ji5U2sTlLU,0.0593
692,pw-7v6VYhQc,0.0134
693,bX_IbBVZir0,0.0175
694,HHorIrYZHsA,0.0027
695,NZlClr_ivb4,0.0402
696,gAs9HZC9c7Y,0.1811
697,lW_-zpKU-cU,0.0044
698,pVyJ7D3dnys,0.0003
699,MOt5GWrSU84,0.0147
700,_HHV7x4gkYU,0.0484
701,MwLW6c_dYLU,0.001
702,WCQ4TEP2eO4,0.3539
703,yPnGZBpvjN0,0.021
704,st8-EY71K84,0.3592
705,yz7Cn3pHibo,0.0018
706,Kf0fuuSQcHc,0.0051
707,Kt4jKSTHNUE,0.0062
708,e8cOZ2BOtM8,0.0007
709,GH8AotRnVWU,0.0014
710,-UZ2EGcgAMY,0.057
711,ZDnV9wzhz7w,0.0049
712,vRcU4ZN_LjA,0.0064
713,iIeKyoYMs2M,0.0007
714,WhaTru5czpA,0.0604
715,x-I4OanmWQg,0.0025
716,VGdHVQCGdqo,0.0019
717,eI_FqHi5ilw,0.0061
718,V-KrRdBH7b4,0.0285
719,RhEmkJBga7E,0.095
720,pf9WOuzeWhw,0.0071
721,-Hm8PSnSGyE,0.0787
722,uc5H7a2OFcQ,0.0021
723,gMrC-W1Yt1s,0.005
724,Y2uu5W2wpdc,0.0019
725,FX9EyJa1zHE,0.0065
726,fCDAbdIdiu8,0.0344
727,zH9PD6UXwBU,0.0014
728,gCIzDxOrcP8,0.0
729,qHhKADeXHYE,0.0004
730,4EGFkF6loPM,0.0101
731,L-DL6FTysO8,0.0002
732,1zUvUDCkPE8,0.0149
733,k0rGzpP5LlI,0.0276
734,JLtq1yN6E8o,0.1785
735,IfRfe9bIj_s,0.0003
736,4kWgdtkG1IE,0.0164
737,fzO3iuOayQs,0.014
738,94QrI_k-gSs,0.134
739,yMSrNfj-Hto,0.2721
740,NTWwCVfOck4,0.0012
741,lVSllM1CrMM,0.0236
742,jXus52Ed5uo,0.2857
743,5RkzOAlLBg4,0.0174
744,ZRFaNF4HMyI,0.149
745,e8ARfx_g_EY,0.0006
746,3AZsh6PfX0s,0.0134
747,l_9F8UgWa7Y,0.0016
748,hkuw8WTKc-A,0.1577
749,8owDRkgu3HI,0.0143
750,lyLQGxKwQIc,0.0037
751,wwtJJ24r1Bg,0.0048
752,92ray5xfx_4,0.0055
753,kLqSOiiULm0,0.0024
754,xzqONdpWcrU,0.0002
755,_w1lB_gK1jI,0.0236
756,iJ_AOIbj8AA,0.0122
757,D-4J_H4coGw,0.0368
758,nAzx6YVQhRY,0.0017
759,YTHZLKFblKo,0.0085
760,wRRYExZbr_E,0.004
761,UNQmZqTDhw4,0.0002
762,Sl4V0e2Odqw,0.0385
763,D-j-X1ZehAM,0.0031
764,sYPDKW1RMuQ,0.0116
765,kvXb85XnCOU,0.0011
766,LQDADunP_yw,0.0264
767,H1701MWurt4,0.0214
768,N4eG4_IV3_A,0.028
769,HkLEM6hvQlo,0.0306
770,RCvnytndd9c,0.3435
771,K9dskjuANAk,0.0019
772,Op4q27SLUnY,0.0233
773,cUkoqppoFr8,0.0025
774,GhDke_HwurA,0.0067
775,Hw1JJ-jptpE,0.0038
776,OQQO4G2DtTY,0.0081
777,VlucyUxDALA,0.0068
778,0zOSQxGqLCY,0.002
779,uEU2Zjuiyok,0.001
780,DsVtXG7jQA4,0.0003
781,KeVP1EH46-Q,0.0098
782,3YHwmxqgHRA,0.1018
783,4X7-w4HPVYY,0.0265
784,iEPxe5c282E,0.0006
785,Lfkl3fLY5TM,0.1091
786,t0lCe1qQJtk,0.0047
787,zArlddWbL7s,0.0583
788,RbwuB-PGYmA,0.0125
789,cNBrLoxjljg,0.025
790,2rV7ZczsDGY,0.0026
791,A2FsgKoGD04,0.0093
792,NGK4rAfO574,0.7489
793,LwdpRmqMsIc,0.0026
794,homdcHkr4p0,0.037
795,KtbfUWfb3jw,0.0399
796,W93XyXHI8Nw,0.0284
797,IuD3mR8MV2E,0.0141
798,8YkGrKQXZxE,0.023
799,lyN-NXFsJXA,0.0
800,fmaZdEq-Xzs,0.0302
801,zLQiGxYRyio,0.0006
802,sMDonnsUn-0,0.0548
803,7OPg-ksxZ4Y,0.0089
804,jzj07UegWe4,0.0073
805,YhrqDB0-r7k,0.0327
806,XIOoqJyx8E4,0.0025
807,6ee9dyDGTAI,0.0111
808,fKUCK7spm08,0.2317
809,L3YFZkpkXBI,0.0059
810,zYl6x1weX-0,0.0047
811,gX9m-rCtSqc,0.0004
812,5rdXveKRRiw,0.0007
813,B6Lh-TB2_mA,0.0013
814,t8SVSAHvrww,0.0854
815,Jf-8EfnI6Y8,0.0052
816,wgY9iO-fji8,0.0012
817,8BBS2hhOYe4,0.5906
818,inB5eWwbtV8,0.0007
819,o268qbb_0BM,0.1105
820,JZ4bpEKRCm8,0.0017
821,a6iWTtHq3tg,0.0102
822,4sGFUZWth5E,0.0009
823,LPjrZ0BH-dI,0.0068
824,Pag5De25d0c,0.0164
825,eTTiqJwwjTc,0.001
826,_LyHG1R0p28,0.0148
827,kEcCuwl0E0k,0.042
828,6o7_WQotMrg,0.0012
829,6UtM-MRfXuo,0.0523
830,2ssijwETM0s,0.0057
831,IKLWCoVvtVY,0.0424
832,Db0GK6n6q-4,0.0003
833,uRMvN53QGdg,0.0045
834,4HG_cX3iA58,0.0004
835,bGsVCQFvX1w,0.0012
836,oZ4YSXv6Xkg,0.001
837,u6TNfHMkglY,0.0031
838,tr9BBu20sbM,0.2531
839,iFVBWr2po64,0.0021
840,WcvB2SUV-oM,0.0171
841,EkZ57ZCW63w,0.0096
842,887vGxZFHV4,0.1527
843,gbEpI1J02Zg,0.0018
844,1deOdx_UTAk,0.0028
845,38-1A26-WPQ,0.033
846,FOvXEp-22f0,0.0009
847,55d9tcKmMn0,0.4225
848,_MezwfSITTw,0.0007
849,tdQ9N8uDJwA,0.0021
850,B_6vNQ-Mj3U,0.0001
851,QeteCEjyYD0,0.3827
852,BRWb2hZ0cpg,0.0288
853,KYFZFQeuXBE,0.004
854,b_hoHmXg9Io,0.1737
855,oWarOTnOIeI,0.0073
856,LbUIdAqwD7s,0.0169
857,blITgj1DF1I,0.0207
858,DA5W8v82Ac8,0.0007
859,iBGVcnsK9eo,0.0049
860,4V5ZzhVFm44,0.0084
861,23e4PhF9e30,0.007
862,MqaEFDkqRWs,0.0035
863,GrsEAvRerTg,0.0
864,9JmIFf-gpLk,0.0574
865,Kf6jPlzt0-g,0.0
866,pxEC068itlk,0.2488
867,axGNiut8Yf0,0.0238
868,F6I7eHVXh2A,0.1352
869,xWHQ-n0jvCE,0.0295
870,3jS_yEK8qVI,0.2888
871,uC9qU3X1JgM,0.5734
872,xDXa6OLzStg,0.0011
873,tNRECmEfv4I,0.0173
874,yxgJclR4dUU,0.0132
875,LZ8lkhgnCzw,0.0103
876,Hm14UrNBLtY,0.4957
877,vkKh4aLzuYg,0.0183
878,gfx58lj44lc,0.003
879,U2w6so52FiY,0.0063
880,fVHTfeXoLE4,0.0014
881,-k8fJcyBlC8,0.0368
882,ie8ixj7hzY8,0.0149
883,jkWDJmXXzu8,0.1458
884,El0wIQOBPEw,0.0067
885,W9IuG1GTAV0,0.0005
886,3_G803JXmiw,0.032
887,R7u1qlHO-cQ,0.05
888,d9utkS389bE,0.0114
889,XgZcEO3JKHk,0.0053
890,LNCM6mkvJ3U,0.0218
891,BnAOL7z0GY8,0.0013
892,lS41XvrBFvU,0.0613
893,yijJmElBurY,0.0007
894,1OIu1p8h2GA,0.0141
895,7l8mUsAZxFY,0.0357
896,fWKZdeuViPc,0.0007
897,XJoXnsAN2XI,0.0718
898,FTl0Fl9PX0g,0.0007
899,bK_kRwcNf6A,0.0251
900,IoZri9hq7z4,0.0138
901,jRR5Tu597r8,0.0026
902,0LtmlJaNsbQ,0.0308
903,Rlp1cebFxEM,0.0008
904,b6fIzFW6M1w,0.0003
905,Q3sF0lV4nww,0.0
906,RlQkBqB4-TY,0.018
907,HTymquNwR5U,0.0025
908,FXoG3D6C5-I,0.0123
909,ZW27ubHprMo,0.0024
910,CE5ly1pTpDk,0.9173
911,7RP5bau-Vz0,0.004
912,_VvXXtT3HoU,0.0039
913,lDToOe8pVzY,0.0003
914,hs_jApGNQPA,0.0036
915,AuJtBoOY1dk,0.0043
916,YAoHg1MpJfg,0.0085
917,tBxTXxPj9YU,0.022
918,vDCC_VNvlks,0.0615
919,6KeG_i8CWE8,0.0043
920,nmRrWLFW7PM,0.018
921,uV4MKmd9dQs,0.0145
922,k-GPDanh1Y8,0.0047
923,_k-z1Itg36Y,0.0061
924,pwFV78PYeco,0.3532
925,whnAZdGlhFU,0.0069
926,oZnW-E70wq8,0.0121
927,4LG6ofNpAyQ,0.0025
928,RIWOahSK-Aw,0.035
929,wZu4zLxrpDA,0.0552
930,SE6aBETGHrQ,0.001
931,arzhTBqTd7I,0.0095
932,bRnQpw2KP6E,0.0061
933,ScNqdGtAeLY,0.0116
934,NPdBhQwDFJc,0.0064
935,hJhrSJc16bA,0.2131
936,wQO6FZgDbek,0.0004
937,4tvc0wOdN0I,0.0415
938,DOWDNBu9DkU,0.0021
939,hIxAIq62EHc,0.001
940,326aoFqJ2Vg,0.0358
941,ZbKPrL5R0lU,0.0017
942,-qiA7Sue_5g,0.0175
943,Xi74gPrn24Y,0.0098
944,Pj-h6MEgE7I,0.0071
945,qf2PBzH3_x0,0.0029
946,0CTp1a-aCUM,0.0014
947,rJmQKK50vpg,0.0397
948,Dg8oVR4k5Dk,0.0002
949,Y_QvaKhYio4,0.0189
950,034-BTvvHSQ,0.0216
951,eMTZvA8iFgI,0.0038
952,6J6tKmCwT-Q,0.0029
953,s3q3Kw76vBY,0.0246
954,iXrMiU0W5q8,0.0101
955,hh9xT9d6SJU,0.0074
956,XqPpp9hqGT4,0.017
957,wtqIPqHeF0s,0.0122
958,qUUloBe5vEo,0.0
959,XoHKZWhoD3k,0.0211
960,hMUrj3haZPU,0.001
961,FeZ5ruaMSeA,0.0205
962,_-bt415WaW4,0.021
963,ioAQj2Y4qu4,0.0157
964,y2ZcJVOuzT4,0.0045
965,a3e8ln3u0vY,0.0227
966,b8IEbW7OatU,0.0016
967,EwoVzz_nFJI,0.0167
968,KLvLJckIxmA,0.0049
969,hZPLgaiIJiU,0.0013
970,HaEejO0PmdQ,0.0012
971,FwPt-ti1oF8,0.0414
972,mf5yxkMseDQ,0.0
973,jBGYh_IoWJk,0.0406
974,uUahIdW-eag,0.0112
975,ckyWlU45Cww,0.0005
976,nCI9cUjB8f0,0.0026
977,QsmgZYdZcIE,0.0041
978,1PdShGJ6hqM,0.0548
979,5bsBjXZx6SI,0.0079
980,rVcn_mlGqgw,0.0172
981,BMS_w3FlHrk,0.0018
982,0J7cmh3MLp4,0.001
983,28UjqNf0w8g,0.0112
984,mmBl8Iz8OkE,0.0045
985,eacLgrqRdyk,0.0008
986,Ds8S6ZkE1W0,0.013
987,_e0UM937P48,0.0163
988,UF7OLFMYJ5w,0.0413
989,ROTDvz1LUSU,0.0016
990,QyJSZ3njpD0,0.003
991,0eCExAI__tM,0.0038
992,GGXgnukZRMM,0.014
993,ZvC1zWJ8e7E,0.002
994,gjr-RWPGqi0,0.052
995,7KoXYcd7_WE,0.06
996,NuHEY7CjjTI,0.097
997,tTmBxNtImiQ,0.0061
998,-fEGC5gTQ18,0.0023
999,dlYDWFhtlL8,0.4905
1000,1_3DOEw_Xno,0.0028
1001,usIdSbd1jPw,0.0081
1002,5s6iBACk-E4,0.0083
1003,PfmiFUm_Jmc,0.0082
1004,ZQ0GUp_nl7g,0.0015
1005,uzwjK1OwNDo,0.0533
1006,2Xz-xKIHm9w,0.0229
1007,oYt-8F7wHxs,0.0478
1008,tVWWp1PqDus,0.0013
1009,YOegcO1fgYQ,0.1662
1010,AJ_rPFC6RYo,0.0118
1011,Vgd5McwxUWI,0.0625
1012,FtEhAYfnjqA,0.0499
1013,7vDTpKTF8qM,0.3722
1014,VyzkQRheKYw,0.0026
1015,WjDa3BJO3V4,0.0036
1016,mvRk4Ddluo4,0.0138
1017,FxwkEdrpFmg,0.0002
1018,A-cAOGo-DGs,0.0057
1019,BNA4iN9tSGE,0.0191
1020,VRJYyVGTb3k,0.1159
1021,kqVGiwQyD2Y,0.0011
1022,7OjwlBC4K5U,0.0416
1023,mYx3gyS-pAg,0.0016
1024,bvhON5imaBA,0.0022
1025,SVLe7KMu0u8,0.006
1026,kMvKGSPvm8I,0.0013
1027,OIOjopbXQis,0.0248
1028,eSqP_sGyArQ,0.0018
1029,uTQFi3A_q24,0.2172
1030,wzSsZyxx5Sk,0.0208
1031,bFIVYRfyb3E,0.0477
1032,MFxSx1uDev8,0.0021
1033,1WEJKNSHD4s,0.0001
1034,Zi3IitzXj54,0.0054
1035,RxaqgPVa_cA,0.0025
1036,GgIxIZhEAs0,0.0093
1037,dVO-7rchstw,0.0052
1038,FIGP0KFwRbQ,0.0136
1039,cGPfAyye_4Q,0.043
1040,x8a7SpVFylw,0.6793
1041,tkb0GYjqaxs,0.0223
1042,fmReTym1kpA,0.0195
1043,9kpq1YqLzB8,0.6298
1044,nNo9Ow6XG10,0.0201
1045,9oVVJRAaznc,0.004
1046,l1fxYI8RwEo,0.0404
1047,K4TBfVtvTU8,0.0034
1048,eWjz8_KMll4,0.0521
1049,oavSiNIUJO0,0.0009
1050,RKi7U2jiIaI,0.305
1051,Of48WU2C9Jc,0.0091
1052,7MbeW9g6x6Q,0.0007
1053,NK9Sn74j6eU,0.0026
1054,SiKOkYEeUvk,0.0013
1055,eDcQDnh6Nfk,0.0014
1056,qC5h9zcHmPA,0.0094
1057,mi8sPCqQXQA,0.0002
1058,sABdtEaKMYE,0.009
1059,fXGWD9tAA8E,0.4264
1060,U_22-rZY0hk,0.0466
1061,Vp-6BPJTc5U,0.0056
1062,zJpRwSaF98s,0.0129
1063,Jetf3TFuq2g,0.2196
1064,iGV1paJ3bSs,0.0185
1065,tzGDx2vH6Ow,0.0007
1066,IFGvAOkhPCw,0.0066
1067,o3V_V9-_vUU,0.0027
1068,vNL5DxE1r7U,0.0044
1069,a23p_jfGHT0,0.0282
1070,sOHeaW6bXQw,0.0007
1071,73lz8mDKI_E,0.2154
1072,kCOnGjvYKI0,0.012
1073,9EyOW9oCP8I,0.0
1074,DIU48QL5Cyk,0.0025
1075,KCHT6a53OqY,0.0183
1076,TEb0PNg80Yg,0.0309
1077,I3Yhyt0Ch80,0.1113
1078,Lz_QtsJ49Ao,0.0069
1079,qJ0_X2stDqU,0.005
1080,eFWy0IAeG7U,0.0249
1081,C6P6hrWyidA,0.0007
1082,uHiG8lMIF10,0.002
1083,EBF3A3djMTQ,0.0134
1084,rMwdiky5Zcw,0.0049
1085,i9Eiij6Wb94,0.4023
1086,KWterDbJKjY,0.0191
1087,JImdCMZSqr8,0.0105
1088,sXIoH-brr4g,0.0029
1089,Ik1jaSzRajI,0.0693
1090,Eo_VcY-E14Y,0.0068
1091,PyM5i_fYDuw,0.0
1092,p0RxnTfzZi4,0.0131
1093,rdfC6XwXTW0,0.0018
1094,HC-McWxmJ_0,0.0007
1095,Us2Z-WC9rao,0.0003
1096,njyKGJTGuP4,0.1019
1097,XWxQMEqY-ZI,0.001
1098,TyzEIUoh3xA,0.0186
1099,r5yZyyetGIA,0.0056
1100,i6V-RBjecpI,0.01
1101,DsfoEaryfuI,0.0151
1102,yxT7xyEFDdo,0.0297
1103,pc5K3GqDFKs,0.0028
1104,fCeiUX59_FM,0.0104
1105,qDZS1KO1SgA,0.0088
1106,UWZRtyy6naU,0.0046
1107,JDVLWPnKJj8,0.006
1108,lheapd7bgLA,0.0032
1109,2UFXOXA4Avk,0.0158
1110,AdXfKrEK0H0,0.0306
1111,WUZVGqFAqK8,0.0117
1112,H_U29oAqsiw,0.0219
1113,r8fCwUiOtiQ,0.0026
1114,Xyz25fScWQA,0.0013
1115,CI9VutOQlbU,0.0228
1116,2NFDajQyliU,0.0034
1117,YR9iekY-3PQ,0.0007
1118,ODDbguecHV8,0.0069
1119,0iYwzMpLJhk,0.0007
1120,nCrTsWtPVIY,0.0062
1121,dOXo0dIqViU,0.0139
1122,-7oGbigR8Ig,0.0155
1123,7PC_AVfj14M,0.1994
1124,GsLopdvhFpk,0.0092
1125,qwvtGxNVnAY,0.0488
1126,-C3CjOkF-jY,0.0179
1127,wzr7tE3PDC4,0.0134
1128,r_gyeTJDfPg,0.0182
1129,YGG3936Bt2c,0.0057
1130,skPWK9DnIXU,0.0008
1131,Qyfyd_t9mzs,0.0231
1132,bA4yaw8ed6Y,0.0013
1133,2X_GgUhvAbE,0.0037
1134,fO02M5znDhg,0.1003
1135,l4w6808wJcU,0.0027
1136,huepR6bTT2Y,0.0014
1137,dXpqFESAx8s,0.0054
1138,CgeMh1Q_i0M,0.0109
1139,Gqx0Fh_SQlM,0.2753
1140,_4mKDQX3HmI,0.0051
1141,j8WCMYa0sUU,0.262
1142,TZG9d6iIl-Q,0.0301
1143,qxkhoyXOPhc,0.0119
1144,gd2lBMjV9to,0.0302
1145,xcrthU-aToA,0.0277
1146,MIwez3qbk3E,0.0314
1147,PKE30UgQIjU,0.0028
1148,lkjGxe5qPtI,0.0198
1149,uxRY25TV_Po,0.011
1150,vs2Q9Nv4mHc,0.0001
1151,eKi8sQdInuQ,0.0384
1152,7eX4vjbnlOs,0.0108
1153,SWZcAZK71yA,0.0646
1154,VNWcXFE0C_I,0.221
1155,q0O8V8pyLkY,0.0015
1156,Q8yxaR7ylww,0.0007
1157,xZejqhIh0_I,0.0053
1158,jKc93K4PL2c,0.0195
1159,QlF4rhAbwyc,0.0188
1160,TVBIph2ObC0,0.2311
1161,1UY7ywrPKWk,0.2425
1162,Do8Wc3M5mkE,0.0076
1163,7xrRiHXyI9Y,0.0168
1164,SzlRojcqNWA,0.0001
1165,bBWeDIXQlOs,0.0068
1166,OLl3sz1_Yuw,0.0001
1167,EmcbJp_gjbY,0.2895
1168,64Gy-LJRnNA,0.0348
1169,wCyfshQvaCY,0.0032
1170,m9U29J2_1tw,0.0012
1171,H3eJkuLgJOo,0.0125
1172,sQTEAsS1EpM,0.0088
1173,ZBEZwmrMCzE,0.8382
1174,c5KSoy1VYCo,0.1862
1175,SgZ1f4ACZBQ,0.0147
1176,BZ222BWlJIs,0.3703
1177,Wf0uxjWGwPk,0.0015
1178,3XCaWUl2mtg,0.0038
1179,dmXVzEdu9CI,0.0712
1180,buKcergt4dA,0.0105
1181,vcOOKXmEhAM,0.0019
1182,ppie-XsHGdg,0.0189
1183,0nsgnqskJHY,0.1621
1184,9u1J9fIys_g,0.0018
1185,MBo4GViDxzc,0.0106
1186,Da_CDPRG2j0,0.0
1187,A84MgzOtOLA,0.0121
1188,wsPPAjUcU08,0.0015
1189,FfWtIaDtfYk,0.0123
1190,x_t53a5Ons0,0.001
1191,zrki4E04KO4,0.0044
1192,elj_EQx_EqA,0.0023
1193,7k6vpI-2yao,0.0001
1194,7zi0bi-RDj4,0.045
1195,pEaLY5voBAE,0.0002
1196,QOrXWKe1dRo,0.0222
1197,jG2945xmuhc,0.0631
1198,clTC2BKCysw,0.0147
1199,KAsCEUtpxy4,0.0019
1200,96K9MBvGDeA,0.0059
1201,McXJj7sjcZ0,0.0007
1202,WM8bTdBs-cw,0.0251
1203,W_yRE78iE7k,0.0045
1204,IDFePbrq3i0,0.0004
1205,PsxO5czWEuI,0.0143
1206,yR7Jq40FWfc,0.0018
1207,kGXWc7M9tPQ,0.0029
1208,oh-FZ4QCJy0,0.0014
1209,0y4z90SYsQI,0.0004
1210,3U467XfT6cY,0.0007
1211,xuZGBeF3_P0,0.0022
1212,Sfw9n2ktX9k,0.0123
1213,9YbXM4scgXs,0.0243
1214,8voeMV0IlLo,0.0103
1215,CVLLNjSLJTQ,0.0001
1216,ByKKs6W9OBA,0.0034
1217,-4F9IM2Ne9c,0.0031
1218,yeM37D2Z0kA,0.0435
1219,s2Sh1uZjfNk,0.0
1220,b6_5fjY54oQ,0.0069
1221,mQPtGnCDW6s,0.0361
1222,vLY-tNe0Bnc,0.0011
1223,4PDvXYtrB60,0.0104
1224,kD6rWFQkpm8,0.0063
1225,r3atRG5wvtg,0.0022
1226,3MtHTKpH9IM,0.0011
1227,SJ8eP1WSKm4,0.0006
1228,KRQ0IiEJ_8Q,0.0501
1229,i5EP3L7pTvo,0.0796
1230,zDzz8Tv0pN8,0.0358
1231,CUuzGBi2loI,0.054
1232,rJNqj_QNkWM,0.0007
1233,SdrZGmhpTQk,0.0576
1234,aT2jiVuTN8s,0.065
1235,C4TCB66WZqY,0.0044
1236,u9CziCknGic,0.0602
1237,QiYvXKQksgI,0.0011
1238,Ubf3ogr4NXo,0.0007
1239,qKBzsabTWLU,0.0003
1240,vIz0idz3SDM,0.0228
1241,4wgn4jaI9PE,0.0325
1242,oYX3XgmCJYQ,0.8371
1243,qzNuoASv_IM,0.3654
1244,McqetOEJXEE,0.0273
1245,j1ngKprtfH8,0.0019
1246,RrDm33ldERw,0.3728
1247,QHLT9CSNanQ,0.0021
1248,H7crWAUyJhM,0.0
1249,9CZvw5PWI7k,0.0053
1250,O5BchVT72i0,0.0013
1251,rsr2kB_gcDI,0.0659
1252,VK1mer73AVI,0.115
1253,iG-rJF2rq5U,0.0053
1254,Dw0ViHDVhFk,0.0035
1255,-hlMQ84H9SA,0.0029
1256,gpXcB4Q6fmE,0.0085
1257,kaKdi9Vq9a0,0.0012
1258,qyJblTwAEp8,0.4488
1259,WaNhcOML4nA,0.1187
1260,iWeu2dxHRDg,0.0041
1261,KG8z0536mg4,0.0017
1262,1fzBv9fxYhQ,0.1881
1263,ZX3dJ_QVD0I,0.0064
1264,Hz_DslzN2IA,0.0124
1265,gndIvSPO7ok,0.5923
1266,PpCfnNy4qTg,0.0066
1267,sBA0o_EIDag,0.0042
1268,Vck5O1IXSWw,0.0066
1269,1HIhb7A0xX4,0.0031
1270,MbjShq7RelI,0.002
1271,Sa6pMYTbdyE,0.0322
1272,8scU_zOwEjE,0.0006
1273,cT7wOSOZVoc,0.0035
1274,R0krUthYxF4,0.0015
1275,EqWymIjphH8,0.0605
1276,Bk-lBN9RChE,0.0144
1277,rDTv7wbofzc,0.0073
1278,7bxjQT_DzRE,0.0038
1279,R3JNhCa8iy4,0.0426
1280,_ajQow29I7U,0.0027
1281,Slhz5ZM2x94,0.0633
1282,ARoP4GNgKVg,0.0143
1283,LHoUPslp58A,0.0244
1284,FAsL-Jy4qLc,0.0029
1285,mYHCJwhHDxg,0.0321
1286,8xeELR8acfU,0.026
1287,J9ViuHkPKJM,0.0264
1288,vNXwcg03Bsg,0.7636
1289,dMG30Mt0tPU,0.0011
1290,VKIEQ7hvTGg,0.0036
1291,mt_OHeOQyMw,0.0358
1292,I4Ty6SccAeI,0.0153
1293,VOHBEaM40y0,0.0156
1294,wJCgCteM6bI,0.0083
1295,IWjOrvvisbw,0.0003
1296,ENPAlmpcN_E,0.0032
1297,9OmfWCvwM9g,0.0319
1298,ATzjRuSQ0lo,0.0007
1299,25UV6LrQZTc,0.1085
1300,hG_HD4WmAdc,0.0611
1301,CQ2z2Qg_o0w,0.0035
1302,m4YZcEc1qgI,0.0023
1303,RVca0LuEDaQ,0.028
1304,44ltPwfoAaM,0.5449
1305,UqzKzugvtR0,0.0003
1306,Q5tR5lMqc8w,0.0003
1307,XqbgTBa2mD4,0.4163
1308,K_215se8ybs,0.0028
1309,_8W2LIfl5RE,0.0012
1310,RUL9LpaoUrU,0.0052
1311,UjpwpRCYAL0,0.0074
1312,EICp1vGlh_U,0.001
1313,mAAbqIbTsG8,0.0143
1314,tcSmm3rJikY,0.0625
1315,Z3LG8s-lRFk,0.0338
1316,9zyDGrCxwwg,0.0004
1317,lNtOxZFiMAU,0.0071
1318,dDmPjvCu-ds,0.0428
1319,PdWDVduZo6A,0.1427
1320,5dOz92TuFmI,0.0302
1321,uGyLPOrXst4,0.0075
1322,nDLfbHPEAGo,0.056
1323,YLt73w6criQ,0.0822
1324,TMx_RBy-vfg,0.1992
1325,pmj08sB1hjU,0.0039
1326,M0zEjvvTsoc,0.0258
1327,gPM8MxcAmkU,0.0016
1328,CkjT_jNYI4w,0.0017
1329,_SGHHFVUDZE,0.0028
1330,VA3sdD48f18,0.0002
1331,onn-CT7feW8,0.0902
1332,0hg0BY19pLs,0.0518
1333,WAqB-R1cJKg,0.0128
1334,OUrd53q3iFc,0.0002
1335,Qsbe1pD8ocE,0.2439
1336,5lKHIIkxHc4,0.0048
1337,Fk-zUsf5osc,0.0015
1338,vBoQC6Q959A,0.0017
1339,IYjSmlWG-4A,0.0061
1340,YsBonpV7t7Y,0.0072
1341,BjDHdf1Vd0E,0.0059
1342,4g4sBHNWwo0,0.0113
1343,UmjsUPRXQu4,0.0193
1344,IoZ6Ou_c80k,0.0529
1345,Ns60IHroDG8,0.0041
1346,W1nFLOvyDRU,0.0107
1347,xbUoOT4gXZg,0.0005
1348,U_13JXoGSdU,0.0059
1349,j1ivstMmAGk,0.0004
1350,0fcwmBQloas,0.0002
1351,8HtggVo4lPI,0.2593
1352,sZfUQoIVrOs,0.0007
1353,Sy8nPI85Ih4,0.0087
1354,jNwOrcD-1_w,0.1259
1355,eI9_FCWqV5k,0.0015
1356,xpbSdUo3rh4,0.0158
1357,4eN3tg0s5T4,0.0329
1358,38Mv7NBMm4Q,0.0175
1359,kHCKcW3S7oo,0.0185
1360,mCcNv8vTE-I,0.0103
1361,NgCCi3OUoXs,0.0109
1362,aTq0QOZM_Ik,0.0
1363,s-MoeONH5Ug,0.0016
1364,B70T7zvfgdo,0.081
1365,OHL9uYzLEJ0,0.0037
1366,fxShCUj9fT4,0.0007
1367,D4afXb5xH4c,0.0031
1368,UbDDrT_lmmg,0.0065
1369,55v2Z1eYxe4,0.071
1370,ZXB7AbfyP7s,0.0023
1371,dxsFeJ22KgE,0.0077
1372,G38pfhMQCUQ,0.0078
1373,gvDWYQhYzhY,0.0039
1374,5DUv3u2UzII,0.3588
1375,rMYlHz3CJvk,0.2198
1376,c8jtECzK3gk,0.0073
1377,RcTLBsXvzQk,0.0179
1378,yLdFCk7IbIU,0.0141
1379,qemExw9iJKg,0.0308
1380,6RV6lrnRP6o,0.7472
1381,zrmLaMBJsdg,0.0062
1382,OFPABjR6FQs,0.0061
1383,OvLUOk1wtNU,0.0048
1384,UHMk3jG39C0,0.003
1385,2mEG02nsq1w,0.0103
1386,jz5dcKIUjp4,0.01
1387,wOUu7AvqnXU,0.0198
1388,lgiAl84FflQ,0.0186
1389,kBkU4Vb4Bro,0.221
1390,kQn8RAzqJpY,0.0026
1391,cqYefPrvEhI,0.1511
1392,OpIRhkTOPAI,0.0019
1393,VO-sjbYwO0s,0.003
1394,3u7EIiohs6U,0.0005
1395,Fu9No_kxe1M,0.0014
1396,wjHiHpyZPgU,0.6764
1397,saV0oopuCTM,0.0035
1398,rJ0p3c9eiCc,0.0057
1399,JSpaCMsjNuk,0.0003
1400,kZ3VyLVAlWM,0.0135
1401,Os1-McGRXPo,0.0021
1402,ADG50S2Sjzg,0.0079
1403,CE5GgN-Oz9s,0.7226
1404,Xq_othe17T8,0.0216
1405,ynW2yuyy0tg,0.0167
1406,5mnbYTb49_8,0.0053
1407,ted2pAnAnQc,0.4863
1408,jjOW6kLEckg,0.1594
1409,uUqSCOYdRbo,0.0043
1410,tAT2d_eQO3Y,0.008
1411,EWxyed3T_V8,0.0007
1412,W5_RPT0WPYw,0.005
1413,N2kjPi7CG-U,0.0542
1414,t-_VPRCtiUg,0.0003
1415,UqvpIenUmL0,0.0005
1416,d5B3EDh-G0s,0.167
1417,3vQ55ToQeWI,0.0048
1418,Q0MKbsJ36-o,0.0004
1419,-HfGoHTKLbo,0.0003
1420,TjSUt-Ea4ys,0.3361
1421,bYuP4CCyW3s,0.007
1422,xRwy_rKc7gI,0.0023
1423,crhL1eOjf4U,0.0134
1424,FaOSCASqLsE,0.0197
1425,c8rzM_3wepE,0.0079
1426,_g-s0AwxaNo,0.0001
1427,_IN42lQCFNg,0.0878
1428,SaHUVHlq534,0.0257
1429,_hRDjLyw6GA,0.0953
1430,iwtSHXJUOFg,0.0025
1431,HGByZo4vgDo,0.0123
1432,5fJfBJN-cnQ,0.0056
1433,VArpDm95J4M,0.0254
1434,Y27Req0EzVs,0.0038
1435,bu5-VERN3XY,0.0115
1436,5LrYXUhD0i0,0.0635
1437,fa_7lf2PneU,0.0022
1438,ab-E_gzEoZs,0.0011
1439,Ims5p6wjW9s,0.1105
1440,Y87IwzHXHec,0.052
1441,I9hJ_Rux9y0,0.0043
1442,PGKT7SbZcHU,0.0002
1443,4gaHphhEQOs,0.0013
1444,VClT3DAAcq0,0.0238
1445,KdkOKsrWfL4,0.0049
1446,tTJeePNgOF8,0.0025
1447,mM81bB1DEw4,0.0092
1448,L_hlvNda2E8,0.0
1449,cIlhp6tdYvk,0.0167
1450,bNkM-z3cPW8,0.0012
1451,nrZgt3QKIKg,0.2787
1452,ZTpRsEp-_04,0.0018
1453,KxBCwG-IF6g,0.072
1454,JDGu6O7ReZI,0.0057
1455,0ZbQpOEkues,0.0331
1456,YjZyLIpT8rQ,0.2501
1457,z2mRP7hxTdk,0.0
1458,bT7unpw0C3c,0.0002
1459,8_cNLlWsN4c,0.0026
1460,sJUKzBlDY6s,0.0028
1461,sMwF_4wKlsk,0.0201
1462,xdFGSkh5X24,0.0681
1463,bnsOTRMVmcg,0.0855
1464,_wZq3DkjqR0,0.0463
1465,s93P3hktEG8,0.0175
1466,x2hw_ghPcQs,0.0051
1467,lDkGLFGbTsE,0.0276
1468,kJ7jN5iNAWs,0.0464
1469,OuJd3cLBWHA,0.2969
1470,1YTeasbvJ2E,0.0043
1471,wpIiNrDnEHk,0.001
1472,59rADhtMzWc,0.0159
1473,moIuur9GUws,0.0253
1474,bIryzkTYOKY,0.0411
1475,r6TVO1Uq1RE,0.0013
1476,dDmGnEW_fjc,0.0318
1477,93yJTL-260w,0.0022
1478,6-T-Rsoq5a0,0.0079
1479,W5ivmpG_J4c,0.0274
1480,gxy0TvMpJFM,0.0004
1481,6_im_hGxGRk,0.232
1482,Qu6G-mvv_5Q,0.0194
1483,8yS-Twk0Okk,0.0004
1484,GUJefYr2p8A,0.0028
1485,TKp7BG6q7dc,0.0268
1486,BTJBqSDiN8M,0.0356
1487,LnXnSl8wyqI,0.3383
1488,x5ptVUpSPLs,0.0091
1489,Me6RQZV8VD4,0.0011
1490,S_MAesZsnMk,0.0013
1491,WIoZrwX4qQc,0.0004
1492,Vb2egHi39ho,0.0061
1493,Juyodtul_7s,0.0044
1494,EBn1giArnS0,0.0263
1495,Mn5ZzRZ9yto,0.0214
1496,HPDCI4dm78U,0.003
1497,wwkH0prchjQ,0.0041
1498,88RAHxrQ33M,0.0007
1499,vbWzGC4DJmM,0.0087
1500,qAtyzHZc7l8,0.0056
1501,AARbu6B1f6M,0.0063
1502,kWuI7NVGNMk,0.0015
1503,9lCNCiqSNYs,0.0718
1504,ZGNj5lOtNnI,0.0028
1505,VDtFyTerbjY,0.0075
1506,75kn3kBqo8o,0.0225
1507,dAm2rlRhpc4,0.0533
1508,wKENGGCzrLE,0.0255
1509,Bd78wBDHALI,0.0121
1510,2EGuVKx_MXA,0.0094
1511,vm9hkyrd23M,0.0229
1512,wPZ5_axqjj0,0.0042
1513,_aqJB9t4VeE,0.0131
1514,Dxea-sQdPoQ,0.0004
1515,mXQuto1fMp4,0.018
1516,zlQGiPhBfiw,0.1003
1517,zP1fojwJZIc,0.459
1518,23g5HBOg3Ic,0.0072
1519,DM-c43vIm9g,0.1378
1520,cKZTjW72jZY,0.02
1521,4iPpXakylUQ,0.0033
1522,jzsDwqVEFRQ,0.0034
1523,38LAnu25pqs,0.0013
1524,gBkLoLfrEIM,0.0566
1525,2WOp9p8xirA,0.3129
1526,BqKqtJXWhqw,0.0012
1527,2elO1GEpVy0,0.0021
1528,crsGvSSvo9o,0.0058
1529,styN6QavqVU,0.0017
1530,6I2R_uM3bhI,0.018
1531,eb6ja96y6Ps,0.0006
1532,OJVpsT2_1PU,0.0023
1533,LxBLIAYmbes,0.0491
1534,qIlWas5Bj3U,0.0187
1535,L_pi_qfmOQw,0.7457
1536,KgW0zY-O5zs,0.0026
1537,9eiDKJKcP_I,0.3332
1538,VFJHb6s2hG8,0.0082
1539,kaW71ZyUX80,0.0664
1540,bdE6U4SB-is,0.0308
1541,BiasH3_cEHQ,0.0066
1542,vPib9KwCBGs,0.0087
1543,Ots2-8Dxfl8,0.0313
1544,Gb4yTHNCVdM,0.0016
1545,mTHcRufPfRw,0.1459
1546,1nOq-PIyNsA,0.4892
1547,Qgqk96TJZyI,0.0086
1548,bHPMhoS7xrk,0.0079
1549,J_8KmRw8610,0.0041
1550,3HL-6yxmy-0,0.001
1551,5I5ikA7lsuU,0.0077
1552,ghf02ONihAw,0.0225
1553,6p8zAbFKpW0,0.0074
1554,gHzuabZUd6c,0.0065
1555,qRPpxc2Vp7s,0.0056
1556,6umxqVvVK8Y,0.0098
1557,ojbziRt9Iso,0.1031
1558,VKuurDOxvVA,0.0956
1559,V1pS_9z7VQA,0.0453
1560,TGD8zKvRxc4,0.0172
1561,UZgRR9RFtHI,0.0036
1562,ozvL2cuXJNg,0.0316
1563,-NVoikSV-cQ,0.0011
1564,I6v8771dC8s,0.0031
1565,i3h37e4e3bQ,0.0042
1566,JDe_LqL8wOY,0.0007
1567,UJsGEZLYpKE,0.0366
1568,ZnYyAl2RP6g,0.0039
1569,RSxPUDTeoKs,0.5895
1570,8Fn_30AD7Pk,0.0076
1571,bVI5Dy-fG4s,0.0
1572,ZiQXAbixvOg,0.0009
1573,FXcLiqIKdmw,0.0003
1574,VYN7LR2gwso,0.0
1575,HP7DIvd6eKY,0.0125
1576,-sWJ9tRzm68,0.005
1577,7rj99Hl18Vo,0.0022
1578,h_58pbU9udQ,0.1504
1579,6sKZ0O4SM4s,0.0022
1580,Fpn1imb9qZg,0.0033
1581,awLQ_A33H9Y,0.0147
1582,ibEnGKlzUPw,0.0119
1583,nIkk1-qXgds,0.0011
1584,mOpzY5Gm1ys,0.0056
1585,iYzFC6dugQk,0.0005
1586,wtE9Mkodi48,0.0002
1587,9VrqwMDy1gE,0.0017
1588,o7aWatibgqM,0.0121
1589,fFCzRv1yLlQ,0.119
1590,uSuajHpF9Eo,0.0351
1591,dxImso_s35g,0.0251
1592,Vzx411Jc8Qw,0.0072
1593,tBd-T6o1_4s,0.0127
1594,M1TgX_8M97k,0.0051
1595,eTMItoVkFZY,0.0027
1596,i-sW4PfSxwA,0.0085
1597,xwUkRvwJ79E,0.0076
1598,cajFMKgOUZc,0.0272
1599,zMM6bM7moqA,0.0356
1600,PBZbb_Nnrys,0.0013
1601,81CrB92Ixn8,0.0125
1602,UKqkb4cEy-E,0.0036
1603,k6PTy9CYG-w,0.0054
1604,9Gy3p1SzgLM,0.0076
1605,sj2vGrmdGPg,0.013
1606,E1KkQrFEl2I,0.0004
1607,dt8ANZIZ8Co,0.0001
1608,NEE4jUY3Vvs,0.0018
1609,UYBBVOAswXc,0.0085
1610,EfgUki1ZtGQ,0.0
1611,fXGULB8PdO4,0.0001
1612,8KkUl1xsgXA,0.0031
1613,LCDpSENyXLE,0.0024
1614,R7lClcxpcuc,0.0004
1615,DNBp87Hrb0c,0.0076
1616,ckOwoZvo-n8,0.0025
1617,Z3JKKu0dFj4,0.0098
1618,ft792p4U52E,0.0198
1619,BJSh1nbMI_Q,0.0079
1620,lNRB7OCo8Wo,0.0022
1621,JukqAlYEBTA,0.2306
1622,aacRIObSGZk,0.0019
1623,DgpyKvlHqFU,0.0298
1624,K_xC3RyjtD8,0.0218
1625,h18oVxTqZ5o,0.0779
1626,Tp_YZNqNBhw,0.0073
1627,cp67dk1Uoow,0.003
1628,SEtYCJFMiss,0.0004
1629,nOxqVQ327K4,0.4493
1630,rUuCWzdpPAg,0.0239
1631,k8E6EkKsazA,0.0029
1632,O4QIVealcHs,0.4248
1633,2vHQVoAlgNs,0.0003
1634,_DNNIB_PdaA,0.006
1635,HOAQjp4lA_M,0.0007
1636,PB9k9_r4qfE,0.0089
1637,BHMF-FlkqPw,0.02
1638,zfXloVG3e4Y,0.0012
1639,E7Xxd9XIAHw,0.0085
1640,8GlEuSyQfcc,0.0035
1641,VaJtYdtCGTI,0.0037
1642,Cm9yAkPqqig,0.0325
1643,fv8Ir8jYa44,0.1175
1644,Ys3RhgZi1Yg,0.0193
1645,teI3MEZJn0E,0.0048
1646,jlufU7hwi30,0.0046
1647,DZ-oH-nCWT4,0.0002
1648,JkFbSUdRAgU,0.003
1649,lAjNKSLwvxs,0.0154
1650,RPH2APBoVtI,0.0
1651,Sp14hVR4_Ok,0.0039
1652,b-NxXQlIya0,0.0001
1653,Ht9v8YLy-O4,0.0016
1654,_VDGysJGNoI,0.0025
1655,GCyvXrn72pE,0.0223
1656,khjsrFdOn04,0.0008
1657,CnsY5Yv78jg,0.0606
1658,UBTqCqQl2fY,0.0404
1659,zIQY3NBS7yc,0.0001
1660,MwY1JontUI0,0.0011
1661,p_wnE-y43Kc,0.0022
1662,uV2y_co7WgY,0.0013
1663,hJjEFf4T89Q,0.0005
1664,pDEG3ebH-ok,0.0038
1665,mfVHNjaAmvM,0.0281
1666,dnnh8unDP4Y,0.0002
1667,tHf8YSAt3_c,0.0123
1668,7rQXT1-PYq4,0.0122
1669,WOJ5rCT_D6Q,0.0165
1670,rYZSercMKJA,0.0
1671,To6Ua35N9Bk,0.0116
1672,Ey_vGhau7ho,0.0401
1673,OXJAXlw2LcI,0.002
1674,HHEh3EbfKiM,0.0087
1675,fBnTCZDCemQ,0.0416
1676,27-tJxIepmo,0.3608
1677,fFObGT_67BM,0.0143
1678,WJUheLXsbVA,0.0058
1679,R4DZBZJsoEY,0.0171
1680,J_9Z_vUb1i0,0.0093
1681,AQ99iVo_QC4,0.1042
1682,LGe4lG-P5O0,0.0006
1683,v2kdiD3Y-j4,0.0
1684,iYJr9pZxSPM,0.0129
1685,uhCJKAFF3bM,0.7946
1686,rdyw3hwJ538,0.1573
1687,7QOBq3XX8yk,0.0415
1688,NYb7FU2uE60,0.0055
1689,SuTNJhV4-rg,0.0547
1690,lfOMF4ouAz8,0.1768
1691,-wpHszfnJns,0.0448
1692,4ZX9T0kWb4Y,0.0353
1693,lZ9ayBDyIcA,0.0832
1694,7df1I8HkWaQ,0.0203
1695,i40d_IkL3YI,0.0042
1696,WMF9my8agPs,0.0123
1697,67dgau_N0ug,0.013
1698,OL_eIZjiLUk,0.0018
1699,F2TrMmev9wM,0.0009
1700,QuecVkhdVYU,0.0021
1701,pG6iaOMV46I,0.0035
1702,MIpI-JBxKxI,0.0128
1703,zT2tJu0IzJ8,0.0041
1704,ThVSnObMn50,0.048
1705,gc5AnnHCohM,0.0023
1706,WQneO40JPho,0.0035
1707,jiFVRFKs-v8,0.0124
1708,Vx2x-QBZ_X4,0.0059
1709,iDE7MlKRtJc,0.001
1710,otD4t7tnZts,0.057
1711,kdgKS-SUILs,0.8721
1712,ixxd-y9OQyg,0.0093
1713,oBfhaNmF-tQ,0.0121
1714,6fGISwOQGck,0.0014
1715,Dwio3-7IA24,0.005
1716,fGrxKLsgidg,0.0285
1717,cIY95KCnnNk,0.0017
1718,7gD1f-wifzo,0.004
1719,apol2p5zKdY,0.0001
1720,cP1YcIWLPbA,0.0075
1721,TUwZtLyX_VE,0.0053
1722,XoQfrROslbA,0.1068
1723,_Pd5weoBjcE,0.0036
1724,gQd7j6K7Ne4,0.0036
1725,ExSrjPHjmkk,0.0035
1726,lIrHts62ACQ,0.0062
1727,pz8tHqfsuqY,0.1308
1728,I99Qgb4mE5I,0.0018
1729,vam4X98WOno,0.0036
1730,Pg9XSSeQIOc,0.004
1731,w9szTeD494M,0.0052
1732,71DujPOe43I,0.0059
1733,ZX-qynHTHiM,0.0089
1734,2DuSW0SZzAo,0.1754
1735,NRbo9D3Dq54,0.0527
1736,FsGOYQ2GqrU,0.0223
1737,Biagyb7AcK8,0.0004
1738,5cZLczozYlQ,0.0011
1739,VSLNyW91e5M,0.0063
1740,dOrXLg3dJns,0.0488
1741,qBcIiaeeIX8,0.0171
1742,Y3tZrwFM4mI,0.0038
1743,cQsN5KLPFIU,0.0985
1744,yKItFB_HPhE,0.0947
1745,Rg5Us4iz714,0.0145
1746,4QvR8jJaeHk,0.0237
1747,_j-ZqCTinWw,0.3935
1748,jpgylvcSdcw,0.0177
1749,CwtZlljXX9M,0.2681
1750,IIE1g8kqIpk,0.0027
1751,OzEkZRyecng,0.0009
1752,2E5fAuDqTtM,0.0018
1753,LS0mytFBoNE,0.036
1754,nI-PXLnS5eo,0.1811
1755,Vayu0zhVfWQ,0.0033
1756,Ml7ycoLumAs,0.0449
1757,Ye5CzehEXUc,0.0395
1758,iQ190Bf-6J0,0.0304
1759,c8WqLaLfTqA,0.0007
1760,dBxOYE2j55U,0.0207
1761,bN8w32EfDss,0.641
1762,WjUPpsCZ0hE,0.0969
1763,_svJMFc0XZY,0.0128
1764,Ocr33LwCsMM,0.0391
1765,Ljkc_7S_NNE,0.0007
1766,IxD7aoy4dpw,0.0047
1767,GyU3uNUi1rQ,0.2177
1768,ECm-EJDOd90,0.0205
1769,SksJZoWiWXg,0.0005
1770,ircObGRWl9A,0.0015
1771,PtC9eaFxqlk,0.0242
1772,h6ng66xBRM4,0.0003
1773,Q0X3XcErGXs,0.0011
1774,npcpoBjrZ9s,0.0012
1775,eb-GC0N6TJo,0.0025
1776,_BTtNgrKDlo,0.0059
1777,WLK7S0F9aVA,0.0017
1778,hQfgA-yKzPU,0.0514
1779,Nu9Cnxk-Qio,0.0035
1780,HqO5jmkARaE,0.0034
1781,xP1fdjXv_3w,0.0511
1782,3EDSsoIplr4,0.0061
1783,FX-ttYCFqOw,0.0034
1784,zvFD5KBAb0Q,0.0147
1785,l-jQMLpQXyI,0.0037
1786,7Uvc97PfriQ,0.0054
1787,Yp34xmulTSo,0.007
1788,OEO8tRcpqLY,0.0038
1789,-2-731gy2rc,0.0207
1790,wZ4cadzCZUI,0.0315
1791,pLlOkqBoZK4,0.002
1792,HcvEVr5W1eE,0.0004
1793,Ot-GbhaeaDw,0.0014
1794,jaBWs65wnw4,0.0082
1795,BUz_0DM7F48,0.002
1796,vTqVmHEXNxI,0.0275
1797,TvGhM62aJmI,0.0069
1798,hxKPwJaqkIU,0.0306
1799,qlRRa98pVIY,0.0071
1800,QpOvNXbTu60,0.0034
1801,gvDKIAZLs-w,0.3134
1802,P_DJJRkGOJE,0.0007
1803,OO5xqkelhuQ,0.4996
1804,ITgiFp_l01A,0.0003
1805,x56GBcEwkGs,0.0
1806,_s1uaiInAdo,0.0059
1807,98BnO6RAZhs,0.1239
1808,squ76dgiY2w,0.3545
1809,cI5V5a51JtI,0.0186
1810,5kVeEf7CtCE,0.038
1811,VIDd2yMSSnY,0.1896
1812,RbLtnEtutfQ,0.0017
1813,2OOrlhtdONE,0.1051
1814,pSUydWEqKwE,0.0162
1815,SlEoS4Zw9uA,0.0167
1816,6emdnQyDlLg,0.0007
1817,TfKJof2Y70s,0.0448
1818,mBewRJ9CASE,0.0
1819,xS5e2o6REb4,0.0735
1820,9G5W_Pl7Ydk,0.0636
1821,h6ft1_tBe6c,0.0054
1822,tag33nDWJY0,0.048
1823,SO22CK2pwfU,0.0025
1824,W2S7k_fnsXQ,0.0024
1825,xq75YNrX3kA,0.0003
1826,hebWYacbdvc,0.0109
1827,HirI1H0lCwk,0.0059
1828,1Sh0yZNhpEk,0.0288
1829,a6aEJ7D82Xc,0.0007
1830,g_GQXKbzvTw,0.0022
1831,CuIZ4zGHylk,0.0671
1832,xEctjZVwnnU,0.0293
1833,YijRxOVD-P8,0.0097
1834,3DGztcamZWA,0.0002
1835,UChQHrjefVU,0.0458
1836,zM340uHnOrU,0.0005
1837,H7LRgmgvDlE,0.0004
1838,cMnTyivbxCA,0.0406
1839,bS-gsJNCOtM,0.0044
1840,w7z6Tf1ANtU,0.0447
1841,plj1Zwa1UuU,0.0047
1842,WMrj90EplYY,0.0009
1843,CFlhlZbeKgE,0.0014
1844,YJUJFwafEFI,0.0171
1845,cVp3gxvtn1M,0.0226
1846,S_6CRVsTfns,0.0078
1847,CC2RtQgA06Y,0.0197
1848,qCb6JY9bjaE,0.0096
1849,3C0btIJjrW8,0.0
1850,vIfC4Aj05Ps,0.0332
1851,YdsD_fxm9Hw,0.0007
1852,CwgBLQw6uDQ,0.1824
1853,xGEmhnw7vp0,0.0057
1854,SLqeMrbIDsA,0.0327
1855,s-10pKDaoJU,0.0681
1856,N79ubmYjlCk,0.0509
1857,wuje1XVW2Uw,0.0059
1858,_aWGPZSN7Wc,0.0644
1859,m59NLOjChUI,0.0118
1860,hxwpkM5w3Cc,0.0008
1861,KMLz0eIihcY,0.0034
1862,nl1QCtAvoAY,0.0034
1863,OPm3GKmUkNU,0.0118
1864,7r91yyChtfs,0.0083
1865,wK7XjHbt4Z0,0.005
1866,PV1MlxtpIJs,0.0013
1867,Xm-yXsm23_c,0.0242
1868,pYGQ7iJsvUs,0.0032
1869,yxIrlsh1S1o,0.2136
1870,zZKcVYvDGek,0.0456
1871,-h3M5pZOUYU,0.0126
1872,i7Sr5sxaBOA,0.6976
1873,JpvtVGM7Vkg,0.0077
1874,lelNrWwlVP8,0.0023
1875,7ezRFn1MbrE,0.0018
1876,pBdKnPcNyl8,0.0445
1877,LW5wBL7D3UE,0.0078
1878,IX34gq-ZaWw,0.0191
1879,j1my2gM0TUI,0.0183
1880,5kwF6KPc-TU,0.0147
1881,CehGIXiamlQ,0.0109
1882,HIzgRmWTxIg,0.0141
1883,Tv2rpf957aI,0.0212
1884,EaEjIoQnFXo,0.0002
1885,9KCMvJy2nyY,0.0012
1886,eW6vu5xhf8E,0.0002
1887,7kE2bYX0wjE,0.0279
1888,uCjbBAtMyn8,0.001
1889,UrkPC81_QfU,0.0253
1890,yB7ACD-CoDY,0.0105
1891,iogcY_4xGjo,0.0003
1892,oLZfbz8MEGw,0.0007
1893,8Sb5R_wWrcU,0.0217
1894,kYlTg3HEBcg,0.0476
1895,FWzYAvVFEgs,0.0021
1896,z7n3SKwRaPA,0.003
1897,fAmGDbLIkDM,0.0486
1898,AAzY28C8Syc,0.0389
1899,vXda0L6w9W0,0.0139
1900,sPWR-m_98Rw,0.0247
1901,-CIXaoRyseU,0.2347
1902,10HvcTGNuO4,0.0479
1903,I5DJ-05ZUKo,0.0047
1904,QQOCidVdHJ0,0.0033
1905,Ml5tIyh-arE,0.0765
1906,5wN3dh6lLEQ,0.0047
1907,imwTZUrf1Qw,0.1664
1908,hX_qyf38X9c,0.0056
1909,qFLCyvoCQas,0.0025
1910,leJNDpm_G10,0.002
1911,m-dW0MnkLiU,0.0059
1912,xbiDrzTd8fE,0.04
1913,NFjn0X2BL2Q,0.009
1914,uFkmSqx4CzY,0.0151
1915,_x9_oomdrF4,0.0053
1916,tx1IOt-eOfA,0.0009
1917,AE3_wzbDmt0,0.0002
1918,CRnrSlL-Oug,0.0022
1919,GkJcT-IbPjo,0.0011
1920,7qNOtgrIjO4,0.1956
1921,BKVdb0UQVL8,0.0034
1922,ainQMC--qgM,0.0383
1923,mO0OuR26IZM,0.0027
1924,f29OUOs85SM,0.0001
1925,cztHy050cNA,0.0009
1926,9UBMEww7XLU,0.0155
1927,z_lgjFAxP6c,0.0001
1928,LF_EF8Rj9gs,0.2026
1929,Ks_pHtscOUc,0.0546
1930,rEy_UMCwqBc,0.0007
1931,YSoJPA8-oHc,0.0017
1932,pRq2OofBB5E,0.0051
1933,tQBxIzn5azA,0.0059
1934,f0c7pSCoZqE,0.004
1935,Yvqz-BYBnp4,0.0019
1936,SUM8Smtf7ak,0.0036
1937,HpTnKNW6MpU,0.0171
1938,pPw_izFr5PA,0.001
1939,xTNDGVrkJw0,0.0034
1940,2nbKBMJIAY0,0.2469
1941,cnupopQ9v64,0.0165
1942,NpoMo82RNDY,0.0039
1943,Q0EltguB1vc,0.016
1944,LWZolIvzAPk,0.0559
1945,5_JrAu_HmVg,0.0187
1946,wYSo_Kc2zaY,0.0013
1947,tsGhTb8UGhQ,0.0148
1948,ayFJjg2BFfs,0.0076
1949,RUo_H7GrsdI,0.0007
1950,PJbv-8vF-LI,0.0007
1951,1CmdHvj6D4Y,0.0118
1952,rCQoFsOGgZQ,0.0
1953,-iCIZQX9i1A,0.0017
1954,uG3oJzWSPBU,0.0034
1955,jFvaWrckDg4,0.0203
1956,nvQuaQ1TRuc,0.0027
1957,wv4OEvIYq-E,0.0059
1958,kX3nB4PpJko,0.0016
1959,2eknwRAXpu0,0.0066
1960,elKQM4YpJ_Q,0.0068
1961,UZKnH1SQamE,0.2628
1962,M-K7mxdN62M,0.0003
1963,vxw3x1zVvEE,0.2113
1964,GG1KBwO1yUc,0.0007
1965,J80nZAEUcDU,0.0111
1966,7YZT2U4qW6w,0.0007
1967,QaNa2bVG860,0.0127
1968,IR9yjn7Lkdg,0.0012
1969,H-d7RPkMINY,0.0032
1970,OnH78wdQPSQ,0.0007
1971,Kn56bMZ9OE8,0.0003
1972,_YSUEdHsMmo,0.5725
1973,XMGxxRRtmHc,0.0344
1974,hy5vsaq6whs,0.0002
1975,5jqrgLx9NR4,0.0022
1976,HlBlhQazxx4,0.0034
1977,dZ20KsgVeu0,0.0001
1978,LEYGcsONOx4,0.0008
1979,d58xuVprczQ,0.0033
1980,bV3s-mWHovk,0.0098
1981,PRa6jE-4Qcc,0.0008
1982,VWwHtT155Hw,0.0481
1983,5z3DbmOuaFI,0.0161
1984,ioGBBIEqiNM,0.0087
1985,qlhncNzE85A,0.4506
1986,VRX25twAZzg,0.0005
1987,Fikxb1tsOQ4,0.0359
1988,AohpoRSZKxE,0.0024
1989,-MmcQKE12Hg,0.0018
1990,c88RLrHQ3j8,0.1835
1991,YUxJbjAnU4Q,0.0762
1992,UhbixyxgsiU,0.0205
1993,aJHBA1mBqBo,0.039
1994,nZxrGkeCKH4,0.0414
1995,Dz0Q4KrKyFw,0.0032
1996,k8z5rx8KrL0,0.0078
1997,vmxcEAT2hkI,0.0225
1998,kDRWVRNAZKw,0.0116
1999,WegO3bsvXro,0.0723
2000,NucpeL5FKNA,0.0293
2001,L_PV-BwY-ZA,0.0391
2002,cozNfHBE6tQ,0.2572
2003,u6co6y17rzU,0.0007
2004,uKcUgn_xYtE,0.003
2005,YPqWIU8hkxk,0.0
2006,2nzJyhDMrHI,0.0145
2007,gfIZ7MAz-3s,0.0127
2008,mNTyN1xBLE4,0.0046
2009,UPs_UiIUGu8,0.0069
2010,RWue97yTSrU,0.0056
2011,pO3G9FZER3Y,0.0006
2012,QxZkuDfhFMc,0.017
2013,mWkYrr3W3sY,0.0004
2014,xIFw0sZlLpQ,0.0029
2015,xnmpvO-gt6w,0.5158
2016,pok_9RfvalI,0.0058
2017,oGu9-aTcP9A,0.0043
2018,5pzgfGgI4X8,0.0012
2019,126bLUkHuNI,0.0029
2020,tmUaSl-Kgrc,0.0018
2021,uwHPvCJDy_k,0.0089
2022,xMsaW0KCI3I,0.0282
2023,YSJlU2q58Bc,0.0107
2024,2gPUdfL4IWs,0.0005
2025,SINKoD9zPgg,0.0193
2026,GrNHtVZxsaM,0.0201
2027,vYw38mwFmC8,0.0023
2028,xu_2Wj8doDQ,0.0007
2029,uYRckB_g10I,0.0023
2030,SWAXUbqda_E,0.0008
2031,jXJRzhnbMho,0.0356
2032,ZI9TUyOXNyA,0.0
2033,BP2IuKspjd8,0.0302
2034,wB3B2U6JSPc,0.0049
2035,ci20R6IxqBw,0.0084
2036,32WuN-N_Sx8,0.0499
2037,2GS1t0q23jQ,0.0713
2038,XBNUd9F3f_Q,0.0064
2039,598YV7DbwJU,0.0017
2040,DoGeabe3baE,0.7228
2041,-ZVbDR3sRRo,0.0084
2042,E0QYFFQ1mhk,0.1217
2043,h1cx_Wg9M_8,0.0003
2044,MFeOtjTkxT4,0.013
2045,7ZIIWUfzm2A,0.0137
2046,fjOlqwzDE5k,0.0001
2047,wqdlCR4fJpM,0.0
2048,2Uw-bKQCkts,0.0001
2049,gC1XpCAuTDQ,0.0528
2050,o08t04SJeqU,0.0279
2051,oQwfU7DvUyE,0.0024
2052,tQN9hdPNVS4,0.0369
2053,31ey9tEPyTQ,0.0374
2054,7wVwztfmNVI,0.1974
2055,C2f37Vb2NAE,0.0034
2056,Ky7f0xTlRSc,0.0109
2057,_T_0FYHn0I0,0.0847
2058,QkhAwabc1Mw,0.022
2059,d0co1ralQB8,0.0351
2060,NN1fm-_rU_0,0.0072
2061,H0iWBs8cXGY,0.0001
2062,ep4DJCLT3bw,0.0072
2063,cPYTNdcCQjs,0.0132
2064,85SLWPnIW8k,0.0005
2065,1Zw_RKGjcM8,0.0067
2066,tHu5_hxOldc,0.1529
2067,gVudIIhyjt8,0.0005
2068,uFSmq6HJitA,0.0422
2069,gk2dD3nSh7A,0.0081
2070,fNkCe0swztI,0.0035
2071,xw289leaI7k,0.0069
2072,ymLG2jCqpd0,0.0028
2073,ALimx-H8C6s,0.14
2074,AaYzlMSRquk,0.4238
2075,7CZqBdVJtMQ,0.0359
2076,ooZLYNQOqk4,0.0
2077,AaIwy6yGjSk,0.0155
2078,P4fDBAvvrt4,0.0003
2079,8ftu-iitjxw,0.0001
2080,RMkJo-EduH4,0.0036
2081,MVkBd-WMzZw,0.0192
2082,K8sBtXZVxzY,0.0229
2083,x3oW7JpC1eI,0.0035
2084,wMI6dwYdD54,0.0155
2085,EFup-YhJNMk,0.0007
2086,QIReBgK4Fl0,0.0037
2087,jpNtnPzc7fU,0.0016
2088,UPQFY3vug7M,0.0054
2089,9oM-s0jfe24,0.0099
2090,LaURAgBgdU0,0.014
2091,cAHGU0JraiQ,0.0284
2092,ZzyPZKO46ow,0.0276
2093,V2ATMasBer0,0.054
2094,qlosNRurbt0,0.002
2095,5zdK5HqjcUY,0.0042
2096,nMs2FC4ImIY,0.039
2097,byw_P8VyquM,0.0022
2098,BowpUasB-Nw,0.0028
2099,Z3gllhKtrIc,0.0011
2100,glbe-X_O4Tw,0.0033
2101,AMj5bIRqiLE,0.0002
2102,EfHxUaJDEn8,0.0127
2103,oNg3M9IJJlY,0.0498
2104,kJ8JqCtaT_Y,0.0032
2105,_3Wah0P7uBM,0.0472
2106,7UOKvlz2WJc,0.0052
2107,fREhq7JXZ0U,0.0004
2108,HSC2SeNKR68,0.0406
2109,DdeyBT35rzU,0.0019
2110,WWG5HdxrEg4,0.0078
2111,jfOUVYQnuhw,0.0012
2112,0DXQUNPj0mY,0.0346
2113,NZYUbjGwkuo,0.0196
2114,iRqypM7jb5Y,0.0018
2115,Ve9Swo-Zpek,0.021
2116,2OlcxUQ4jgM,0.0142
2117,tdZ-RcLf5JQ,0.0003
2118,mF-bvg9V15E,0.0023
2119,k_GTIL7AECQ,0.0008
2120,M7LBUl4pIvQ,0.0104
2121,-WwJyX0YSZE,0.0153
2122,1h7KV2sjUWY,0.003
2123,1H6558hK3Cw,0.0032
2124,6hfWBJ1mv_I,0.041
2125,0e3GPea1Tyg,0.0008
2126,1koF4H_AkEc,0.0003
2127,NzhWlbyNxag,0.0281
2128,1WEAJ-DFkHE,0.0144
2129,7tqypS2cm0g,0.2358
2130,wFAR3WggSRk,0.0018
2131,WYtUxwAe0lI,0.0007
2132,ocptXFZB720,0.0007
2133,h0jR9Ajx5pU,0.0447
2134,hySgv7XyWaM,0.0014
2135,xuZNokfpWIs,0.0018
2136,j_uHUmmwXvM,0.0037
2137,Ms7E_OdcSik,0.0047
2138,eiTRxke_kvI,0.001
2139,F2PdmHBSObg,0.0032
2140,bKlOIYpj3G8,0.0002
2141,rEM2AlQF0YQ,0.0032
2142,AkKPIR3smig,0.0082
2143,qim6FpNBGOQ,0.0337
2144,65-STzRJCho,0.0013
2145,qD6bPNZRRbQ,0.0011
2146,NDiChOV6xyI,0.0012
2147,5DH9IZ01Qqg,0.018
2148,_-u1Pjce4Lg,0.0003
2149,kiyQMRKEMiE,0.0013
2150,vzWbCD67YFY,0.0022
2151,xm19_rhU1n8,0.0102
2152,zFrGRO_d39I,0.0052
2153,_AXYr4yn2V4,0.0454
2154,FRJVuHZrA8k,0.0004
2155,dYL-JgDx3Tk,0.0304
2156,_YUc8tXDjxQ,0.0097
2157,ZOkgCT3ZN-Y,0.0007
2158,gBMysgB3M7Y,0.4676
2159,41n8ZGZOYW0,0.0021
2160,Ojf7NrYO2Ps,0.0011
2161,C0JPSKc21rY,0.0044
2162,FpF8Wa2yQH0,0.0053
2163,tcs6HLKz_aQ,0.0016
2164,BKIaDRIJUIA,0.0184
2165,ldsyyw9oIaQ,0.0002
2166,F27FN_L4uyM,0.1589
2167,pl80_nOEgbw,0.0113
2168,eR8UYTl6sjY,0.001
2169,HD_jCjVRleY,0.1054
2170,imcmevWySnA,0.1708
2171,Q_BYtobvwl8,0.0005
2172,iq3PTyw0cxE,0.0001
2173,4G0PsIEMl-I,0.0464
2174,2PZEt8-U9R8,0.0022
2175,RBu88F0YDAY,0.0885
2176,2ImfsIPUQsQ,0.0011
2177,7jbliO6eDG0,0.0474
2178,RdQcP4lF8tQ,0.0007
2179,zn4UsUz3yw8,0.0003
2180,0WO06jXzSuw,0.0043
2181,6GFwqT5bNNA,0.0993
2182,do-cLmRhz0E,0.0661
2183,cUiK7N_CYJo,0.3249
2184,1F9L051usHc,0.0
2185,bxYhRo-UZNo,0.0018
2186,STty12a5XLs,0.0242
2187,7lnz99fkjgs,0.0002
2188,bM6ren2tPU8,0.0006
2189,4ljKpK13BO0,0.0355
2190,2xUKzeflvR0,0.0032
2191,lTGnCH-196I,0.0195
2192,kOEdHvhbTFY,0.0025
2193,AY1bA23hGMU,0.0158
2194,w5gHvonef7U,0.0037
2195,1-m_Jjse-cs,0.0001
2196,WIS--l99qHk,0.0069
2197,giqtGYLQ_xM,0.003
2198,fMfipiV_17o,0.0742
2199,LfXVUEy-sqs,0.5236
2200,2AtlEV2KBmU,0.0007
2201,f9j8nhMNYO4,0.0
2202,QD570yDn98s,0.0185
2203,wiFmUOPn9nA,0.6115
2204,EN4izhntW1g,0.1192
2205,Bo8aLJlcnbU,0.0015
2206,vlANF-v9lb0,0.0016
2207,VU2Exd9mHGg,0.0195
2208,-f79-37kvmI,0.1165
2209,ccHKCVJlKnw,0.0136
2210,m3A6wJBZ7hE,0.0129
2211,Kzo6wNPkDSk,0.0007
2212,aw6NVF4xFYM,0.2775
2213,N7cG1uKbPT4,0.0462
2214,Soxw_b1WOx8,0.0015
2215,qqxFjTKd7mY,0.0066
2216,Oing2O-u99g,0.0083
2217,JOfDr1vAz40,0.0039
2218,RL_7wrHI0wY,0.0006
2219,pe1tMR0TUX0,0.0047
2220,a546lxxJIhE,0.0013
2221,ZQDCusHa6yY,0.0049
2222,GRdsUbOVO3U,0.0299
2223,si9Phc9ArpU,0.0067
2224,Jv5RGkYewIw,0.0341
2225,oCKYZGFt8cM,0.0397
2226,Lf4nVV-y_sc,0.6817
2227,tWIUgiEoRdo,0.0589
2228,VngGJyDHe6A,0.7419
2229,Nyaw0mF5ikc,0.0069
2230,t8JCJZM8tCw,0.0063
2231,_CwHOA4Bn_Q,0.0029
2232,uiHjkGNGHkU,0.0176
2233,gcSyDvmPaHg,0.0073
2234,U0wTDK0VOeY,0.0018
2235,hgq_PF1f8nQ,0.0164
2236,dlOPwVsI-O4,0.3108
2237,MhWdXrEtKYw,0.0047
2238,iBKPu-bIs1U,0.1157
2239,8ma-l-9zC3M,0.047
2240,N4wW85WZMJQ,0.0024
2241,df8FRfVtVNw,0.0067
2242,K3Rq1kz5Emc,0.0247
2243,Mc_JO7BMwsY,0.0776
2244,CChZGw-JkA0,0.0006
2245,aevCw9SD2Hs,0.0004
2246,ORAipwPUdcI,0.0073
2247,ImuyF-i2tx4,0.1056
2248,ZQaAMAaMysU,0.1214
2249,nlzQU2X9EqA,0.0272
2250,ZDyDpdFZHBo,0.0196
2251,Qv6soPQdk94,0.0024
2252,wtdi07uQOxk,0.0002
2253,md2uzOO4gT4,0.0039
2254,8EOZDHvdSYw,0.0008
2255,5rfRCV0HLmM,0.1098
2256,L4X4yvTHaRM,0.0084
2257,cJyqut3lCec,0.0194
2258,zN7NdQ3Hwto,0.0424
2259,iwWYOnivBQE,0.0218
2260,HBMmK1c44sE,0.0035
2261,kyS4Bhac0BM,0.0027
2262,1o8GWhoD53I,0.0164
2263,R960ugzuzY0,0.013
2264,yoP5N0deBdk,0.0105
2265,9gavI7xlYQY,0.0075
2266,npEKHPxIdUI,0.0265
2267,HKYQGnKTpkc,0.0225
2268,Rj_vssRaZlQ,0.002
2269,23TS-JPv89A,0.0013
2270,4Ig-P-aBe8U,0.0036
2271,trAKvYIsqIc,0.018
2272,mSHYDnR_dRU,0.0001
2273,6Z110ppzP8c,0.0176
2274,sw4tHKa-5as,0.0016
2275,aeWyp2vXxqA,0.0001
2276,xPCY_hs48qA,0.0008
2277,Z66FFqmze3o,0.0136
2278,Wj30W_CKjY8,0.0003
2279,ak7ZOuFsmao,0.002
2280,Eg4ogeDX368,0.0067
2281,yxiBC9UdcPc,0.0033
2282,gFCpo20_L9E,0.0002
2283,73xCxHv2sXo,0.005
2284,-0Ux75buSxE,0.0169
2285,pQcFCFZIuZI,0.0163
2286,KutkEZH3zmY,0.0105
2287,xU6swKf5yWg,0.0047
2288,IvR2Ktfr8JI,0.0015
2289,tyPV-VQ-53c,0.0035
2290,3MLjfnouo88,0.0044
2291,2mYGh268vmA,0.0006
2292,ODq1fkh3gcg,0.0033
2293,BDcOPtnCu9g,0.0002
2294,glwEAMVE7ek,0.0007
2295,q4t2saPEYw8,0.0016
2296,5w6ByzfGHhE,0.0548
2297,s24WcYGiYyk,0.0006
2298,laxYhf-uOs4,0.0092
2299,8xzINLykprA,0.0018
2300,9MiwQO-qhpc,0.0311
2301,qnq6ENNNEE8,0.3305
2302,SJNbnVjecf0,0.0094
2303,FsKLYWc1x1A,0.0007
2304,s7Hno28xkpI,0.0047
2305,CtpdMkKvB6U,0.021
2306,wDRdK392pnk,0.4312
2307,KzK0DIAvXw4,0.0328
2308,VK_8nDq1A50,0.1014
2309,2xPQj5wstmo,0.1426
2310,da1D9tyIZng,0.0145
2311,bUuMPLj2Z_0,0.0006
2312,65fN_OUawjk,0.0075
2313,zPlsnWq5X50,0.0029
2314,wViBPPjEdD8,0.0017
2315,Z9AnasYjtvg,0.0025
2316,WmCfieBK_WY,0.1474
2317,SkaewM4YVzQ,0.0069
2318,T906mp5kYfM,0.0041
2319,A7cWtICGgHE,0.0082
2320,d-HPZL6AU64,0.0033
2321,UfwXf7AisAs,0.111
2322,LqmmjHEyiHM,0.0135
2323,Gtxw1HRwTbQ,0.0002
